"";"chave";"ano";"sigla";"dsc_tribunal";"secao";"dpjio";"tram";"cp";"sus";"tbaix";"mag";"serv";"cp.sus";"cp.sus.fisc";"tbaix.sus.fisc";"cp.sus.fisc.penal";"tbaix.sus.fisc.penal";"tcl";"ips";"ipm";"dpjio_tbaix";"eff";"target.tbaix"
"1";"TRF1_DF_2012";2012;"TRF1";"TRF 1ª Região";"DF";169017345,03;300429;240398;0;101849;39;719;240398;146794;84462;146607;84376;0,660988120321274;141,653685674548;2611,51282051282;1659,48948963662;0,588265453753294;143431,846051231
"2";"TRF1_GO_2012";2012;"TRF1";"TRF 1ª Região";"GO";133992205,95;244755;178829;0;82239;34;588;178829;84595;74472;84161;74323;0,66399460685175;139,862244897959;2418,79411764706;1629,30247145515;0,74872042034606;99266,6928539865
"3";"TRF1_MT_2012";2012;"TRF1";"TRF 1ª Região";"MT";72306641,31;113975;81809;0;40325;17;330;81809;52745;35830;52354;35654;0,646194340864225;122,19696969697;2372,05882352941;1793,09711866088;0,623077078204061;57222,4548891576
"4";"TRF1_MG_2012";2012;"TRF1";"TRF 1ª Região";"MG";379654181,25;831785;637392;0;293625;112;1726;637392;398288;268427;397159;267788;0,646994115065792;170,118771726535;2621,65178571429;1292,98997445722;0,743322436111084;360258,196161835
"5";"TRF1_AC_2012";2012;"TRF1";"TRF 1ª Região";"AC";28791407,2;36727;22565;0;14760;7;126;22565;16573;14469;16347;14432;0,598115827592779;117,142857142857;2108,57142857143;1950,63734417344;0,708462170353713;20370,8830251227
"6";"TRF1_AM_2012";2012;"TRF1";"TRF 1ª Região";"AM";51644256,34;91029;65563;0;31813;12;256;65563;22857;25812;22500;25685;0,650517966801788;124,26953125;2651,08333333333;1623,36957658819;0,759563295870265;33815,4833700483
"7";"TRF1_AP_2012";2012;"TRF1";"TRF 1ª Região";"AP";26994306,21;33873;27481;0;14645;8;134;27481;16885;14189;16807;14182;0,567649750538777;109,291044776119;1830,625;1843,24385182656;0,69663205732513;20357,9491510265
"8";"TRF1_PA_2012";2012;"TRF1";"TRF 1ª Região";"PA";96635112,77;256593;177119;0;91685;18;447;177119;115848;84776;115312;84658;0,642683159712073;205,111856823266;5093,61111111111;1053,99043213176;0,90864311757872;93169,6926573217
"9";"TRF1_RO_2012";2012;"TRF1";"TRF 1ª Região";"RO";42813733,65;84198;63070;0;27741;12;205;63070;42871;25251;42371;24986;0,670526615834105;135,321951219512;2311,75;1543,3377906348;0,628935036912326;39727,4734806722
"10";"TRF1_RR_2012";2012;"TRF1";"TRF 1ª Região";"RR";22735122,64;29791;20477;0;14245;4;102;20477;14644;13428;14570;13395;0,521835453660501;139,656862745098;3561,25;1596,00720533521;0,823900120346125;16258,0386496032
"11";"TRF1_TO_2012";2012;"TRF1";"TRF 1ª Região";"TO";39245251,11;51673;29125;0;18642;6;151;29125;18920;16403;18710;16363;0,639231320031738;123,456953642384;3107;2105,2060460251;0,68354461369835;23938,4521099029
"12";"TRF1_BA_2012";2012;"TRF1";"TRF 1ª Região";"BA";233802069,64;439749;303720;0;179694;59;1039;303720;171137;148707;170649;148524;0,59137144143591;172,948989412897;3045,66101694915;1301,11227776108;0,800173189066641;185614,816928877
"13";"TRF1_MA_2012";2012;"TRF1";"TRF 1ª Região";"MA";80054933,53;209215;133182;0;85351;16;373;133182;94263;81201;93968;81150;0,592041679611883;228,823056300268;5334,4375;937,949567433305;1;81150
"14";"TRF1_PI_2012";2012;"TRF1";"TRF 1ª Região";"PI";62511644,49;182635;143930;0;36558;15;285;143930;118262;34481;118121;34451;0,799830262545514;128,273684210526;2437,2;1709,93064418185;0,55561924527894;62004,691689008
"15";"TRF1_2º Grau_2012";2012;"TRF1";"TRF 1ª Região";"2º Grau";370491275;531256;423830;0;107426;26;637;423830;423830;107426;423830;107426;0,797788636740103;168,643642072214;4131,76923076923;3448,80452590621;0,781391547007227;137480,371283062
"16";"TRF1_total_2012";2012;"TRF1";"TRF 1ª Região";"total";1810689486;3711303;2570705;0;1140598;385;7639;2570705;1760727;1029334;1755681;1027393;0,692669124563529;149,312475454902;2962,59220779221;1587,49137382321;0,747702236042024;1374067,04230085
"17";"TRF2_RJ_2012";2012;"TRF2";"TRF 2ª Região";"RJ";635070203,362745;1087141;844114;0;302073;174;2866;844114;387430;248646;385071;248075;0,722139998399472;105,398813677599;1736,05172413793;2102,37327852124;0,528554721718247;469345,915960315
"18";"TRF2_ES_2012";2012;"TRF2";"TRF 2ª Região";"ES";133653980,737255;210612;161614;0;53366;26;519;161614;71767;43018;71459;42900;0,746614627846466;102,824662813102;2052,53846153846;2504,47814595913;0,485086678298363;88437,8028077148
"19";"TRF2_2º Grau_2012";2012;"TRF2";"TRF 2ª Região";"2º Grau";256597482,72;154937;96057;0;58880;27;747;96057;96057;58880;96057;58880;0,619974570309223;78,8219544846051;2180,74074074074;4357,97355163043;0,444365996216316;132503,387976017
"20";"TRF2_total_2012";2012;"TRF2";"TRF 2ª Região";"total";1025321666,82;1485949;1071630;0;414319;227;4500;1071630;525099;350544;522432;349855;0,72117549121807;92,0708888888889;1825,19383259912;2474,71553759301;0,506825343515685;690287,106744047
"21";"TRF3_MS_2012";2012;"TRF3";"TRF 3ª Região";"MS";80184369,53;106446;80266;0;59111;18;315;80266;41121;36183;41014;36002;0,444685568269357;187,653968253968;3283,94444444444;1356,50504187038;0,681815203904542;52803,1639567845
"22";"TRF3_SP_2012";2012;"TRF3";"TRF 3ª Região";"SP";980428431,26;2493227;1968055;0;766258;266;4016;1968055;899697;684424;897289;683831;0,692664165757871;190,801294820717;2880,66917293233;1279,50172299669;0,812482569836609;841656,209483385
"23";"TRF3_2º Grau_2012";2012;"TRF3";"TRF 3ª Região";"2º Grau";427413653,12;536596;279791;0;256805;37;1243;279791;279791;256805;279791;256805;0,521418348254553;206,600965406275;6940,67567567568;1664,35097883608;1;256805
"24";"TRF3_total_2012";2012;"TRF3";"TRF 3ª Região";"total";1488026453,91;3522951;2440777;0;1082174;321;6142;2440777;1333274;977412;1330759;976638;0,692821728147794;176,192445457506;3371,25856697819;1375,03437886144;0,848317747453301;1151264,37344017
"25";"TRF4_RS_2012";2012;"TRF4";"TRF 4ª Região";"RS";432801118;832025;585311;0;255904;132;1688;585311;360198;235435;358121;234882;0,692432318740422;151,601895734597;1938,66666666667;1691,26359103414;0,673802495609857;348591,763210092
"26";"TRF4_PR_2012";2012;"TRF4";"TRF 4ª Região";"PR";351234743;615978;429903;0;193806;110;1409;429903;301362;184869;298591;184003;0,685368633295345;137,548616039745;1761,87272727273;1812,30066664603;0,636153906934324;289242,898604089
"27";"TRF4_SC_2012";2012;"TRF4";"TRF 4ª Região";"SC";253732625;420014;275310;0;145655;81;1011;275310;181737;139262;180270;138768;0,653213940487698;144,070227497527;1798,20987654321;1742,01108784456;0,719971439651306;192740,978818837
"28";"TRF4_2º Grau_2012";2012;"TRF4";"TRF 4ª Região";"2º Grau";256891768,082175;216194;88442;0;127752;26;667;88442;88442;127752;88442;127752;0,409086283615641;191,532233883058;4913,53846153846;2010,86298517577;1;127752
"29";"TRF4_total_2012";2012;"TRF4";"TRF 4ª Região";"total";1294660254,14;2082969;1360212;0;722757;349;5091;1360212;912985;686958;906670;685045;0,653015959430985;141,967589864467;2070,93696275072;1791,28013169018;0,715209465885028;958327,640633018
"30";"TRF5_SE_2012";2012;"TRF5";"TRF 5ª Região";"SE";50122666,0575;57101,12363;29576,12363;0;33427,3627;12;244;29576,12363;12874,12363;28415,3627;12685,12363;28363,3627;0,414593609110035;136,997388114754;2785,61355833333;1499,45021111402;1;28363,3627
"31";"TRF5_AL_2012";2012;"TRF5";"TRF 5ª Região";"AL";69315510,68;113111,81025;65888,81025;0;53544,7229;23;310;65888,81025;39623,81025;50788,7229;39461,81025;50747,7229;0,526621289309619;172,724912580645;2328,03143043478;1294,5348659186;1;50747,7229
"32";"TRF5_PE_2012";2012;"TRF5";"TRF 5ª Região";"PE";163034699,82;251458,19027;165337,19027;0;126035,4397;56;786;165337,19027;86748,19027;101565,4397;86050,19027;101258,4397;0,498781727631655;160,350432188295;2250,63285178571;1293,5623520501;0,874390114398814;115804,648328647
"33";"TRF5_RN_2012";2012;"TRF5";"TRF 5ª Região";"RN";83658221,81;120005,39715;61208,39715;0;53065,7122;28;397;61208,39715;38098,39715;46289,7122;37777,39715;46187,7122;0,557805619911654;133,666781360201;1895,20400714286;1576,50238434;0,823749290251292;56070,1086442333
"34";"TRF5_CE_2012";2012;"TRF5";"TRF 5ª Região";"CE";171592504,6675;288377,85388;164508,85388;0;132062,8798;67;826;164508,85388;100314,85388;125133,8798;100188,85388;125075,8798;0,542049162156002;159,882421065375;1971,08775820896;1299,32426831343;0,986466150133177;126791,861822237
"35";"TRF5_PB_2012";2012;"TRF5";"TRF 5ª Região";"PB";88088659,1525;170149,62482;112004,62482;0;72747,8827;28;449;112004,62482;68926,62482;63955,8827;68719,62482;63858,8827;0,572447586781579;162,022010467706;2598,13866785714;1210,87591670211;0,873087239965815;73141,4683170726
"36";"TRF5_2º Grau_2012";2012;"TRF5";"TRF 5ª Região";"2º Grau";170795066;119401;77256;0;42145;14;458;77256;77256;42145;77256;42145;0,647029756869708;92,0196506550218;3010,35714285714;4052,55821568395;0,506376329078991;83228,6139374926
"37";"TRF5_total_2012";2012;"TRF5";"TRF 5ª Região";"total";796607328,99;1201050;688021;0;513029;228;3749;688021;436083;458294;434380;457637;0,572849589942134;136,8442251267;2250,12719298246;1552,7530197903;0,856761015280849;534147,786649682
"38";"TRF_total_2012";2012;"TRF";"TRF";"total";6415305189,86;12004222;8131345;0;3872877;1510;27121;8131345;4780557;3502542;4761767;3496928;0,677373760665206;142,799933630766;2564,81920529801;1656,47016155174;0,742748134873665;4708093,94976777
"39";"TRF1_DF_2013";2013;"TRF1";"TRF 1ª Região";"DF";180887017,07;328250;249503;0;107344;34;715;249503;148604;93204;148403;93145;0,672980959634425;150,131468531469;3157,17647058824;1685,1153028581;0,664494450202869;140174,233165624
"40";"TRF1_GO_2013";2013;"TRF1";"TRF 1ª Região";"GO";152415809,95;252642;181713;0;77374;38;595;181713;81322;70234;80885;70043;0,693740549868985;130,040336134454;2036,15789473684;1969,85822046165;0,587444066642614;119233,479368194
"41";"TRF1_MT_2013";2013;"TRF1";"TRF 1ª Região";"MT";85436904,92;121829;89127;0;41039;19;384;89127;56343;38175;55944;37808;0,663142601515239;106,872395833333;2159,94736842105;2081,8466561076;0,500087542757024;75602,7630513677
"42";"TRF1_MG_2013";2013;"TRF1";"TRF 1ª Região";"MG";429442717,86;846017;618940;0;287517;120;1785;618940;371050;265609;370078;265028;0,660152219163445;161,073949579832;2395,975;1493,62548252799;0,712136119024772;372159,188278415
"43";"TRF1_AC_2013";2013;"TRF1";"TRF 1ª Região";"AC";32169925,31;36790;25531;0;15587;7;146;25531;19161;15190;18904;15135;0,576325088339223;106,760273972603;2226,71428571429;2063,89461153525;0,531211646109511;28491,4687222047
"44";"TRF1_AM_2013";2013;"TRF1";"TRF 1ª Região";"AM";56880964,57;90698;63404;0;24254;11;256;63404;20459;22201;20061;22044;0,73258506251516;94,7421875;2204,90909090909;2345,21994598829;0,577448095756932;38174,8596315037
"45";"TRF1_AP_2013";2013;"TRF1";"TRF 1ª Região";"AP";33254226,17;32649;21824;0;13430;7;214;21824;10359;12736;10273;12720;0,588655088976691;62,7570093457944;1918,57142857143;2476,11512807148;0,610341578511614;20840,7889087601
"46";"TRF1_PA_2013";2013;"TRF1";"TRF 1ª Região";"PA";120814575,44;275839;195950;0;99750;31;486;195950;129468;93451;128932;93313;0,638376009193769;205,246913580247;3217,74193548387;1211,17368862155;0,909364175989439;102613,455053329
"47";"TRF1_RO_2013";2013;"TRF1";"TRF 1ª Região";"RO";49746020,78;84118;61954;0;25808;11;227;61954;41831;23293;41228;22962;0,693192895694144;113,691629955947;2346,18181818182;1927,54265266584;0,513899674019045;44681,8730598164
"48";"TRF1_RR_2013";2013;"TRF1";"TRF 1ª Região";"RR";21246813,87;26110;17976;0;10455;4;102;17976;10367;9866;10279;9826;0,599578705476829;102,5;2613,75;2032,21557819225;0,594312173352153;16533,3985076858
"49";"TRF1_TO_2013";2013;"TRF1";"TRF 1ª Região";"TO";40043398,05;60843;39034;0;20709;10;170;39034;25035;18726;24816;18645;0,659632168039051;121,817647058824;2070,9;1933,62296827466;0,544216074039456;34260,2890458693
"50";"TRF1_BA_2013";2013;"TRF1";"TRF 1ª Região";"BA";257734759,91;445893;306241;0;172665;62;1058;306241;171248;146443;170829;146289;0,612765842926442;163,19943289225;2784,91935483871;1492,68676286451;0,680163299210449;215079,231957702
"51";"TRF1_MA_2013";2013;"TRF1";"TRF 1ª Região";"MA";92374353,89;232461;132580;0;85908;25;386;132580;92396;81886;92083;81846;0,630441235303987;222,559585492228;3436,32;1075,27068363831;1;81846
"52";"TRF1_PI_2013";2013;"TRF1";"TRF 1ª Região";"PI";72469515,76;190356;143098;0;57866;18;321;143098;114094;55083;113940;55064;0,696011683372208;180,267912772586;3214,77777777778;1252,3678111499;0,842547427902264;65354,1844369471
"53";"TRF1_2º Grau_2013";2013;"TRF1";"TRF 1ª Região";"2º Grau";350728524;438016;342413;0;95603;26;468;342413;342413;95603;342413;95603;0,781736283606078;204,279914529915;3677,03846153846;3668,59328682154;1;95603
"54";"TRF1_total_2013";2013;"TRF1";"TRF 1ª Região";"total";1975645527;3798479;2663170;0;1135309;423;7848;2663170;1808032;1041700;1802950;1039471;0,701114840966608;144,662206931702;2683,94562647754;1740,18309288484;0,716556219868106;1450648,21318742
"55";"TRF2_RJ_2013";2013;"TRF2";"TRF 2ª Região";"RJ";698677460,85;1084148;814066;0;335655;199;2970;814066;360945;261350;358187;260566;0,690397436512358;113,015151515152;1686,70854271357;2081,53449479376;0,441640347506555;589995,912898635
"56";"TRF2_ES_2013";2013;"TRF2";"TRF 2ª Região";"ES";132528079,84;210575;161507;0;56195;36;539;161507;72095;43067;71705;42942;0,733135462424314;104,257884972171;1560,97222222222;2358,36070540084;0,398224438660141;107833,663208822
"57";"TRF2_2º Grau_2013";2013;"TRF2";"TRF 2ª Região";"2º Grau";278619986,85;161233;108885;0;52348;27;760;108885;108885;52348;108885;52348;0,675327011219788;68,8789473684211;1938,81481481481;5322,45714927027;0,417507043719756;125382,315789474
"58";"TRF2_total_2013";2013;"TRF2";"TRF 2ª Região";"total";1109825527,55;1487293;1043095;0;444198;262;4621;1043095;500562;356765;497414;355856;0,701337934085617;96,1259467647695;1695,41221374046;2498,49285127353;0,432277525996374;823211,891896931
"59";"TRF3_MS_2013";2013;"TRF3";"TRF 3ª Região";"MS";85026380,45;127135,712054009;97892,7120540095;0;61304;27;315;97892,7120540095;58747,7120540095;37683;58294,7120540095;37463;0,517806609885057;194,615873015873;2270,51851851852;1386,96301138588;0,577425521213688;64879,3630064301
"60";"TRF3_SP_2013";2013;"TRF3";"TRF 3ª Região";"SP";1054240796,13;2674426,28794599;2063093,28794599;0;700560;265;4092;2063093,28794599;890720,28794599;653839;888159,28794599;653153;0,738052230806465;171,202346041056;2643,62264150943;1504,85439666838;0,761547743203965;857665,20330304
"61";"TRF3_2º Grau_2013";2013;"TRF3";"TRF 3ª Região";"2º Grau";450883558,26;492809;347740;0;145069;39;1156;347740;347740;145069;347740;145069;0,705628346884899;125,492214532872;3719,71794871795;3108,06277192233;0,801009169299586;181107,789473684
"62";"TRF3_total_2013";2013;"TRF3";"TRF 3ª Região";"total";1590150735;3581277;2674344;0;906933;331;6173;2674344;1462826;836591;1459812;835685;0,746757092511973;146,919326097521;2739,97885196375;1753,32768241976;0,757199489151632;1103652,35578315
"63";"TRF4_RS_2013";2013;"TRF4";"TRF 4ª Região";"RS";473431644;843439;576121;0;236180;139;1720;576121;343708;218361;341529;217537;0,71997974957288;137,313953488372;1699,13669064748;2004,53740367516;0,609523437606589;356896,858395144
"64";"TRF4_PR_2013";2013;"TRF4";"TRF 4ª Região";"PR";379946510;601678;422172;0;166440;110;1428;422172;283220;156943;280283;155713;0,723373631743225;116,55462184874;1513,09090909091;2282,78364575823;0,526169680100219;295936,85438192
"65";"TRF4_SC_2013";2013;"TRF4";"TRF 4ª Região";"SC";276702196;433743;274359;0;135284;78;1030;274359;171479;126688;170052;126014;0,688101018344965;131,343689320388;1734,41025641026;2045,34310044055;0,600604388192439;209811,986854189
"66";"TRF4_2º Grau_2013";2013;"TRF4";"TRF 4ª Região";"2º Grau";268401466;214212;95203;0;119009;27;639;95203;95203;119009;95203;119009;0,444433551808489;186,242566510172;4407,74074074074;2255,30393499651;0,974823616363134;122082,598330966
"67";"TRF4_total_2013";2013;"TRF4";"TRF 4ª Região";"total";1398481816,08;2092013;1435717;0;656296;354;5175;1435717;961472;620384;954929;617656;0,686284932263805;126,820483091787;1853,94350282486;2130,87054633885;0,627861513962222;984728,297962218
"68";"TRF5_SE_2013";2013;"TRF5";"TRF 5ª Região";"SE";55057597,6945;63285;32645;0;36942;11;269;32645;14665;30730;14463;30655;0,416259777198388;137,330855018587;3358,36363636364;1490,37945142385;1;30655
"69";"TRF5_AL_2013";2013;"TRF5";"TRF 5ª Região";"AL";76683581,61;118226;66868;0;67831;19;381;66868;37915;63764;37721;63708;0,426259875154365;178,034120734908;3570,05263157895;1130,50937786558;0,919552567663511;69281,5204266957
"70";"TRF5_PE_2013";2013;"TRF5";"TRF 5ª Região";"PE";178542445;248385;160531;0;126089;46;839;160531;78422;107631;77791;107226;0,492364675805705;150,284862932062;2741,0652173913;1416,0033389114;0,734592458137358;145966,649687479
"71";"TRF5_RN_2013";2013;"TRF5";"TRF 5ª Região";"RN";87628814,1825;128573;69303;0;85945;21;409;69303;44489;80750;44086;80654;0,33154705886928;210,134474327628;4092,61904761905;1019,59176429693;1;80654
"72";"TRF5_CE_2013";2013;"TRF5";"TRF 5ª Região";"CE";195468300,805;293627;171869;0;156679;48;841;171869;103290;152125;103052;151905;0,466401250566195;186,300832342449;3264,14583333333;1247,57179203978;0,908247406827691;167250,683963493
"73";"TRF5_PB_2013";2013;"TRF5";"TRF 5ª Região";"PB";94936661,6285;166414;109549;0;95289;19;465;109549;64630;88326;64413;88232;0,427397935269869;204,922580645161;5015,21052631579;996,302423453914;1;88232
"74";"TRF5_2º Grau_2013";2013;"TRF5";"TRF 5ª Região";"2º Grau";192450073;113239;53485;0;59754;15;459;53485;53485;59754;53485;59754;0,472319607202466;130,183006535948;3983,6;3220,70611172474;0,857833892465319;69656,8421052632
"75";"TRF5_total_2013";2013;"TRF5";"TRF 5ª Região";"total";880767473,24;1296249;667720;0;628529;179;3941;667720;400366;583080;398481;582134;0,515117080128895;159,484648566354;3511,33519553073;1401,31556895545;0,893259093393647;651696,696182931
"76";"TRF_total_2013";2013;"TRF";"TRF";"total";6954871078,87;12255311;8484046;0;3771265;1549;27758;8484046;5028241;3438520;5008807;3431418;0,692275047120387;135,862273939045;2434,64493221433;1844,17458833309;0,68437610775728;5013937,45501265
"77";"TRF1_DF_2014";2014;"TRF1";"TRF 1ª Região";"DF";200425184,16;361299;266632;0;101897;61;725;266632;155754;82698;155545;82626;0,717970434460101;140,547586206897;1670,44262295082;1966,93900860673;0,574472776344676;143829,2699016
"78";"TRF1_GO_2014";2014;"TRF1";"TRF 1ª Região";"GO";169469031,39;293324;200970;0;65979;45;627;200970;93397;61273;92980;61158;0,77506443386835;105,22966507177;1466,2;2568,52985631792;0,524189933938485;116671,450633344
"79";"TRF1_MT_2014";2014;"TRF1";"TRF 1ª Região";"MT";98960719,37;139182;95939;0;32721;26;394;95939;59240;29790;58809;29577;0,764904944604906;83,0482233502538;1258,5;3024,3794312521;0,407456062379193;72589,4218564225
"80";"TRF1_MG_2014";2014;"TRF1";"TRF 1ª Região";"MG";496634893,34;1004304;661950;0;238273;151;1929;661950;401432;217823;400412;217413;0,762748132039701;123,521513737688;1577,96688741722;2084,31040587897;0,577514450247917;376463,307379873
"81";"TRF1_AC_2014";2014;"TRF1";"TRF 1ª Região";"AC";36736680,89;40693;26254;0;9276;6;145;26254;18996;8954;18742;8869;0,772049246799204;63,9724137931034;1546;3960,40113087538;0,385630310489997;22998,7108345573
"82";"TRF1_AM_2014";2014;"TRF1";"TRF 1ª Região";"AM";60524443;100065;78341;0;21478;19;250;78341;31779;19044;31401;18893;0,785359516314396;85,912;1130,42105263158;2817,97388024956;0,421908273621439;44779,8755825109
"83";"TRF1_AP_2014";2014;"TRF1";"TRF 1ª Região";"AP";43354478,8;41888;24902;0;13328;12;190;24902;12386;11822;12287;11813;0,681818181818182;70,1473684210526;1110,66666666667;3252,88706482593;0,507661488721781;23269,4428520537
"84";"TRF1_PA_2014";2014;"TRF1";"TRF 1ª Região";"PA";128506957,16;284139;194429;0;96395;39;509;194429;123989;89498;123484;89350;0,660747028742974;189,381139489195;2471,66666666667;1333,1288672649;0,874212850114442;102206,230425809
"85";"TRF1_RO_2014";2014;"TRF1";"TRF 1ª Região";"RO";61671307,92;96161;64419;0;23181;16;240;64419;42126;20780;41445;20572;0,758935535196181;96,5875;1448,8125;2660,4248272292;0,453601548180803;45352,5788933156
"86";"TRF1_RR_2014";2014;"TRF1";"TRF 1ª Região";"RR";23448034,02;30095;19303;0;13137;4;113;19303;11169;12024;11081;12003;0,563482306030902;116,256637168142;3284,25;1784,8849828728;0,793222147530075;15131,9526785463
"87";"TRF1_TO_2014";2014;"TRF1";"TRF 1ª Região";"TO";44276088,86;79709;52172;0;22828;14;173;52172;37988;20379;37731;20123;0,713608250009409;131,953757225434;1630,57142857143;1939,55181619064;0,590893498630037;34055,2063047814
"88";"TRF1_BA_2014";2014;"TRF1";"TRF 1ª Região";"BA";300831980,19;479388;317703;0;128110;78;1114;317703;186263;107590;185830;107482;0,732763440052734;115;1642,4358974359;2348,23183350246;0,509649125047195;210894,112670255
"89";"TRF1_MA_2014";2014;"TRF1";"TRF 1ª Região";"MA";107540513,41;271903;168290;0;95714;34;445;168290;129093;92542;128746;92507;0,647984759270769;215,087640449438;2815,11764705882;1123,56095670435;1;92507
"90";"TRF1_PI_2014";2014;"TRF1";"TRF 1ª Região";"PI";82576796,99;206343;149453;0;62679;27;351;149453;120066;60106;119900;60080;0,696238786874282;178,57264957265;2321,44444444444;1317,45555911868;0,845803346512712;71033,0601642956
"91";"TRF1_2º Grau_2014";2014;"TRF1";"TRF 1ª Região";"2º Grau";431336542,76;592940;519788;0;73152;26;314;519788;519788;73152;519788;73152;0,876628326643505;232,968152866242;2813,53846153846;5896,44224026684;1;73152
"92";"TRF1_total_2014";2014;"TRF1";"TRF 1ª Região";"total";2286293652;4093743;3095595;0;998148;558;8409;3095595;2198516;907475;2193231;905618;0,756177170867834;118,699964323939;1788,79569892473;2290,53572416115;0,626754051088406;1444933,62017737
"93";"TRF2_RJ_2014";2014;"TRF2";"TRF 2ª Região";"RJ";770125444,42;1107780;776326;0;363477;181;3017;776326;357949;285880;355173;285030;0,671887017277799;120,47630096122;2008,16022099448;2118,77352465218;0,527442082418108;540400,566244644
"94";"TRF2_ES_2014";2014;"TRF2";"TRF 2ª Região";"ES";151582755,16;215060;157884;0;58016;38;540;157884;71731;45498;71322;45482;0,730233423230726;107,437037037037;1526,73684210526;2612,77501309984;0,456948328784875;99534,2298787842
"95";"TRF2_2º Grau_2014";2014;"TRF2";"TRF 2ª Região";"2º Grau";315357772,72;179074;120829;0;58245;27;743;120829;120829;58245;120829;58245;0,674743402168936;78,3916554508748;2157,22222222222;5414,33209236844;0,448618214307721;129832
"96";"TRF2_total_2014";2014;"TRF2";"TRF 2ª Região";"total";1237065972,3;1531845;1052107;0;479738;246;4684;1052107;547577;389623;544392;388757;0,686823405762332;102,420580700256;1950,15447154472;2578,6282768928;0,505032175923661;769766,796123428
"97";"TRF3_MS_2014";2014;"TRF3";"TRF 3ª Região";"MS";90832834,31;96198;59125;0;16544;27;328;59125;35557;14303;35093;13918;0,828021372585709;50,4390243902439;612,740740740741;5490,37924987911;0,239472464203661;58119,4169704762
"98";"TRF3_SP_2014";2014;"TRF3";"TRF 3ª Região";"SP";1163467876,82;2960124;2267479;0;690167;296;4147;2267479;1007547;637791;1004882;637126;0,766845240266962;166,425608873885;2331,64527027027;1685,77732174966;0,754208596175985;844760,989506588
"99";"TRF3_2º Grau_2014";2014;"TRF3";"TRF 3ª Região";"2º Grau";465481447,31;609141;442423;0;166718;43;1153;442423;442423;166718;442423;166718;0,726306388832799;144,594969644406;3877,16279069767;2792,02873900839;0,818468595515292;203695,048183294
"100";"TRF3_total_2014";2014;"TRF3";"TRF 3ª Região";"total";1719782158,44;3735215;2861786;0;873429;366;6291;2861786;1578286;818812;1575157;817762;0,766163661261801;138,837863614688;2386,41803278689;1969,00052372889;0,739002475209425;1106575,45466036
"101";"TRF4_RS_2014";2014;"TRF4";"TRF 4ª Região";"RS";518740992;986102;607259;0;264634;153;1737;607259;368252;247735;366143;247131;0,731636281033808;152,35118019574;1729,6339869281;1960,2205007671;0,711157771540492;347505,166771462
"102";"TRF4_PR_2014";2014;"TRF4";"TRF 4ª Região";"PR";425335232;688839;435238;0;171734;125;1493;435238;287189;163554;284034;162391;0,750690654855489;115,02612190221;1373,872;2476,70951587921;0,5577936559117;291130,955468785
"103";"TRF4_SC_2014";2014;"TRF4";"TRF 4ª Região";"SC";307111354;524858;298459;0;148169;83;1046;298459;193261;138486;191992;138055;0,717696977087136;141,652963671128;1785,1686746988;2072,70990558079;0,677753941950365;203694,868380582
"104";"TRF4_2º Grau_2014";2014;"TRF4";"TRF 4ª Região";"2º Grau";302321053;222621;92789;0;129832;27;621;92789;92789;129832;92789;129832;0,416802547827923;209,0692431562;4808,59259259259;2328,55577207468;1;129832
"105";"TRF4_total_2014";2014;"TRF4";"TRF 4ª Região";"total";1553508630,79;2421842;1708032;0;713810;388;5254;1708032;1215778;679048;1209245;676850;0,705261532337783;135,860296916635;1839,71649484536;2176,36153989157;0,696805995018801;972162,990620829
"106";"TRF5_SE_2014";2014;"TRF5";"TRF 5ª Região";"SE";64672590,5400001;69678;34179;0;35727;13;289;34179;16193;31733;15943;31684;0,487255661758374;123,622837370242;2748,23076923077;1810,1881081535;1;31684
"107";"TRF5_AL_2014";2014;"TRF5";"TRF 5ª Região";"AL";91939500,97;136984;70601;0;71672;19;393;70601;40256;66993;40039;66896;0,476785609998248;182,371501272265;3772,21052631579;1282,78129492689;0,986854062038189;67787,1253443868
"108";"TRF5_PE_2014";2014;"TRF5";"TRF 5ª Região";"PE";208488308,97;263835;163910;0;158970;50;896;163910;77997;131932;77703;131792;0,397464324293593;177,421875;3179,4;1311,49467805246;0,966008498311739;136429,441594281
"109";"TRF5_RN_2014";2014;"TRF5";"TRF 5ª Região";"RN";100225618,16;133699;70530;0;81484;21;431;70530;44858;75124;44349;75045;0,390541440100524;189,058004640371;3880,19047619048;1230,00365912326;1;75045
"110";"TRF5_CE_2014";2014;"TRF5";"TRF 5ª Região";"CE";218101582,61;298280;171628;0;157970;52;924;171628;100458;147301;100230;147202;0,470396942470162;170,963203463203;3037,88461538462;1380,65191245173;0,907913377631275;162132,207352255
"111";"TRF5_PB_2014";2014;"TRF5";"TRF 5ª Região";"PB";110241426,5;165844;103387;0;85422;25;489;103387;56031;77090;55785;77015;0,484925592725694;174,687116564417;3416,88;1290,55075390415;0,921466458973821;83578,7339300084
"112";"TRF5_2º Grau_2014";2014;"TRF5";"TRF 5ª Região";"2º Grau";192811721,04;85573;43273;0;42300;13;446;43273;43273;42300;43273;42300;0,505685204445327;94,8430493273543;3253,84615384615;4558,19671489362;0,691136016743584;61203,5821824253
"113";"TRF5_total_2014";2014;"TRF5";"TRF 5ª Região";"total";986480748,79;1295130;661585;0;633545;193;4148;661585;383143;572473;381399;571934;0,51082516812984;152,735053037608;3282,61658031088;1557,08078950982;0,925669110019108;617860,090403356
"114";"TRF_total_2014";2014;"TRF";"TRF";"total";7783131162,32;13077775;9379105;0;3698670;1751;28786;9379105;5741116;3367431;5723527;3361480;0,717178954371061;128,488501354825;2112,31867504283;2104,30537526192;0,684438074909116;4911298,95198534
"115";"TRF1_DF_2015";2015;"TRF1";"TRF 1ª Região";"DF";250513695,99;334756;268148;0;66608;56;493;268148;145125;62600;145125;62600;0,801025224342506;135,107505070994;1189,42857142857;3761,01513316719;0,495628223225741;126304,348837471
"116";"TRF1_GO_2015";2015;"TRF1";"TRF 1ª Região";"GO";209235625,27;291666;209870;0;81796;34;450;209870;93441;76884;93441;76884;0,719555930413555;181,768888888889;2405,76470588235;2558,01781590787;0,71260612911547;107891,297672998
"117";"TRF1_MT_2015";2015;"TRF1";"TRF 1ª Região";"MT";112642130,54;136119;105520;0;30599;20;307;105520;61087;29160;61087;29160;0,775204049397953;99,671009771987;1529,95;3681,23567894376;0,403032444151785;72351,4953278008
"118";"TRF1_MG_2015";2015;"TRF1";"TRF 1ª Região";"MG";611842056,93;954720;754388;0;200332;129;1493;754388;454678;184499;454676;184499;0,790166750460868;134,180843938379;1552,96124031008;3054,1404115668;0,478749595147546;385376,827197398
"119";"TRF1_AC_2015";2015;"TRF1";"TRF 1ª Região";"AC";44449331,83;35125;23987;0;11138;10;99;23987;15952;10683;15952;10683;0,682903914590747;112,505050505051;1113,8;3990,78217184414;0,467255566177592;22863,2910409026
"120";"TRF1_AM_2015";2015;"TRF1";"TRF 1ª Região";"AM";73291868,86;87446;65318;0;22128;15;189;65318;23455;20882;23455;20882;0,746952404912746;117,079365079365;1475,2;3312,17773228489;0,522109653850033;39995,429783794
"121";"TRF1_AP_2015";2015;"TRF1";"TRF 1ª Região";"AP";54927550,8;37584;25925;0;11659;7;131;25925;13879;9964;13879;9964;0,689788207747978;89;1665,57142857143;4711,17169568574;0,424199141490774;23488,9678583112
"122";"TRF1_PA_2015";2015;"TRF1";"TRF 1ª Região";"PA";155379901,69;264170;168762;0;95408;27;380;168762;93232;91981;93232;91981;0,638838626641935;251,073684210526;3533,62962962963;1628,58357464783;0,980362273663557;93823,4798206507
"123";"TRF1_RO_2015";2015;"TRF1";"TRF 1ª Região";"RO";79331583,1;84550;60271;0;24279;19;184;60271;37168;22576;36896;22524;0,71284447072738;131,951086956522;1277,84210526316;3267,49796531982;0,513460206370014;43867,0800980603
"124";"TRF1_RR_2015";2015;"TRF1";"TRF 1ª Região";"RR";29359707,73;22800;13896;0;8904;5;75;13896;5062;8605;5062;8605;0,609473684210526;118,72;1780,8;3297,36160489668;0,96011030911214;8962,51182633114
"125";"TRF1_TO_2015";2015;"TRF1";"TRF 1ª Região";"TO";56287153,09;69403;45291;0;24112;12;121;45291;30981;20988;30981;20988;0,652579859660245;199,272727272727;2009,33333333333;2334,40415933975;0,696798441786675;30120,6184476881
"126";"TRF1_BA_2015";2015;"TRF1";"TRF 1ª Região";"BA";338790643,15;451386;327777;0;123609;61;759;327777;190575;116022;190575;116022;0,726156770480254;162,857707509881;2026,37704918033;2740,8250463154;0,616398229829663;188225,718999975
"127";"TRF1_MA_2015";2015;"TRF1";"TRF 1ª Região";"MA";138799756,05;255155;167184;0;87971;24;318;167184;121974;86846;121974;86846;0,655225255237013;276,638364779874;3665,45833333333;1577,78990860625;1;86846
"128";"TRF1_PI_2015";2015;"TRF1";"TRF 1ª Região";"PI";105597673,48;178093;116079;0;62014;25;238;116079;84661;60687;84661;60687;0,651788672210587;260,563025210084;2480,56;1702,80377785661;0,952075534447488;63741,7912804766
"129";"TRF1_2º Grau_2015";2015;"TRF1";"TRF 1ª Região";"2º Grau";468107950,59;583388;443828;0;139560;26;619;443828;443828;139560;443828;139560;0,760776704354563;225,46042003231;5367,69230769231;3354,16989531384;1;139560
"130";"TRF1_total_2015";2015;"TRF1";"TRF 1ª Região";"total";2728556629,62;3786361;2796244;0;990117;469;8182;2796244;1815098;941937;1814824;941885;0,738504331731708;121,011610853092;2111,1236673774;2755,79212317332;0,657089862197092;1433418,85819186
"131";"TRF2_RJ_2015";2015;"TRF2";"TRF 2ª Região";"RJ";841906696;974049;690404;0;283645;205;2302;690404;300539;229105;298154;228124;0,708798017348203;123,216768027802;1383,63414634146;2968,17041019584;0,453259308439327;503296,88933578
"132";"TRF2_ES_2015";2015;"TRF2";"TRF 2ª Região";"ES";165914633,59;208355;160158;0;48197;39;390;160158;78214;40395;77816;40247;0,768678457440426;123,582051282051;1235,82051282051;3442,42657406063;0,433202708461002;92905,6979883198
"133";"TRF2_2º Grau_2015";2015;"TRF2";"TRF 2ª Região";"2º Grau";337647804,33;171161;110394;0;60767;27;715;110394;110394;60767;110394;60767;0,644971693317987;84,9888111888112;2250,62962962963;5556,43366185594;0,518107020363343;117286,579049604
"134";"TRF2_total_2015";2015;"TRF2";"TRF 2ª Região";"total";1341562432,84;1353565;960956;0;392609;271;4686;960956;489147;330267;486364;329138;0,709944479947398;83,7833973538199;1448,74169741697;3417,04452226006;0,461307635086932;713489,166373704
"135";"TRF3_MS_2015";2015;"TRF3";"TRF 3ª Região";"MS";88098638,41;124959;98999;0;25960;31;229;98999;53564;25607;53340;25473;0,792251858609624;113,362445414847;837,41935483871;3393,63013906009;0,454859878903471;56001,8616313394
"136";"TRF3_SP_2015";2015;"TRF3";"TRF 3ª Região";"SP";1056409254,29;3274045;2539036;0;735009;316;3235;2539036;1084823;686234;1081815;684945;0,77550430736291;227,205255023184;2325,97784810127;1437,27390316309;0,943420482738481;726023,032711564
"137";"TRF3_2º Grau_2015";2015;"TRF3";"TRF 3ª Região";"2º Grau";331454623,41;584404;369933;0;214471;38;1100;369933;369933;214471;369933;214471;0,633009014312017;194,973636363636;5643,97368421053;1545,45194180099;1;214471
"138";"TRF3_total_2015";2015;"TRF3";"TRF 3ª Região";"total";1897131485,1;3983408;3007968;0;975440;385;6485;3007968;1508320;926312;1505088;924889;0,755124255411447;150,414803392444;2533,61038961039;1944,8981845116;0,92814130519813;996495,894342904
"139";"TRF4_RS_2015";2015;"TRF4";"TRF 4ª Região";"RS";484324971,324514;908527;662767;0;245760;137;1386;662767;399814;215316;397191;214667;0,72949620649689;177,316017316017;1793,86861313869;1970,72335337123;0,660307950113041;325101,340917144
"140";"TRF4_PR_2015";2015;"TRF4";"TRF 4ª Região";"PR";405693730,601327;652601;476115;0;176486;116;1183;476115;302482;154810;297621;153942;0,729565232048373;149,185122569738;1521,43103448276;2298,73038428729;0,563515988499905;273181,246214145
"141";"TRF4_SC_2015";2015;"TRF4";"TRF 4ª Região";"SC";285421960,713982;488964;353491;0;135473;78;699;353491;230990;124178;229334;123787;0,722938703053804;193,809728183119;1736,83333333333;2106,85495053614;0,681315426586826;181688,238911797
"142";"TRF4_2º Grau_2015";2015;"TRF4";"TRF 4ª Região";"2º Grau";177902640,594873;260478;133646;0;126832;27;602;133646;133646;126832;133646;126832;0,513079799445635;210,68438538206;4697,48148148148;1402,66368578019;1;126832
"143";"TRF4_total_2015";2015;"TRF4";"TRF 4ª Região";"total";1678810473,34;2309311;1625110;0;684201;358;5292;1625110;1066023;620786;1056883;618878;0,703720720162854;129,289682539683;1911,17597765363;2453,68023919871;0,682869508360551;906802,826043086
"144";"TRF5_SE_2015";2015;"TRF5";"TRF 5ª Região";"SE";76532773,82;75574;41436;0;34138;12;195;41436;20737;32773;20506;32648;0,548283801307328;175,066666666667;2844,83333333333;2241,86460308161;0,911577680429861;35814,8303769401
"145";"TRF5_AL_2015";2015;"TRF5";"TRF 5ª Região";"AL";100885316,08;143073;74071;0;69002;19;297;74071;40433;67198;40164;67132;0,517714733038379;232,329966329966;3631,68421052632;1462,06365148836;1;67132
"146";"TRF5_PE_2015";2015;"TRF5";"TRF 5ª Região";"PE";242100792,01;292697;170729;0;121968;52;666;170729;77801;116172;77518;115798;0,583296036515577;183,135135135135;2345,53846153846;1984,95336489899;0,862309592512773;134288,1964963
"147";"TRF5_RN_2015";2015;"TRF5";"TRF 5ª Região";"RN";125287613,09;135377;66221;0;69156;23;346;66221;37765;65753;37036;65574;0,489159901608102;199,872832369942;3006,78260869565;1811,66656674764;1;65574
"148";"TRF5_CE_2015";2015;"TRF5";"TRF 5ª Região";"CE";249044019,52;332741;179284;0;153457;49;668;179284;101204;146351;100630;146022;0,538809464418271;229,726047904192;3131,77551020408;1622,89123024691;0,954756101461084;152941,677750516
"149";"TRF5_PB_2015";2015;"TRF5";"TRF 5ª Região";"PB";125581080,21;180459;108609;0;71850;26;311;108609;60428;67862;60156;67771;0,601848619353981;231,028938906752;2763,46153846154;1747,82296743215;0,919218642683384;73726,7466662369
"150";"TRF5_2º Grau_2015";2015;"TRF5";"TRF 5ª Região";"2º Grau";219367835,92;77714;42204;0;35510;15;417;42204;42204;35510;42204;35510;0,543068173044754;85,1558752997602;2367,33333333333;6177,63548070966;0,619638615364892;57307,5969112882
"151";"TRF5_total_2015";2015;"TRF5";"TRF 5ª Região";"total";1138799430,51;1237635;682554;0;555081;176;3758;682554;380572;531619;378214;530455;0,551498624392491;147,706492815327;3153,86931818182;2051,59144432975;0,904002243455326;586785,048201282
"152";"TRF_total_2015";2015;"TRF";"TRF";"total";8784860451,41;12670280;9072832;0;3597448;1659;28403;9072832;5259160;3350921;5242282;3345595;0,71607194158298;126,657324930465;2168,44364074744;2441,97009975127;0,72150116912871;4636991,79315283
"153";"TRF1_DF_2016";2016;"TRF1";"TRF 1ª Região";"DF";184258635,18;365752,780758927;310267;0;55485,7807589265;56;536;310267;175579;52542,7807589265;175577;52542,7807589265;0,848297036474213;103,518247684564;990,817513552259;3320,82621276545;0,348914677387003;150589,196053361
"154";"TRF1_GO_2016";2016;"TRF1";"TRF 1ª Região";"GO";169025816,58;321993,407223754;244639;0;77354,4072237543;40;524;244639;115306;71204,4072237543;115303;71204,4072237543;0,759764002962954;147,622914549149;1933,86018059386;2185,08321175648;0,569483791651505;125033,246367313
"155";"TRF1_MT_2016";2016;"TRF1";"TRF 1ª Região";"MT";84028514,68;163595,537975803;129174;0;34421,5379758029;20;310;129174;74630;33105,5379758029;74629;33105,5379758029;0,789593662506283;111,037219276784;1721,07689879015;2441,16095971856;0,493260169641495;67115,7738113423
"156";"TRF1_MG_2016";2016;"TRF1";"TRF 1ª Região";"MG";515035187,84;1048207,41624362;856849;0;191358,416243622;139;1677;856849;515233;177609,416243622;515231;177606,416243622;0,817442222523689;114,107582733227;1376,67925355123;2691,46870020235;0,41503620056091;427929,939613921
"157";"TRF1_AC_2016";2016;"TRF1";"TRF 1ª Região";"AC";30754800,13;41885,4862147344;29163;0;12722,4862147344;9;104;29163;19995;12429,4862147344;19995;12429,4862147344;0,696255496486062;122,3315982186;1413,60957941494;2417,35770909161;0,553204794300167;22468,1462322798
"158";"TRF1_AM_2016";2016;"TRF1";"TRF 1ª Região";"AM";59583585,94;95103,7307533587;75863;0;19240,7307533587;13;205;75863;30928;15395,7307533587;30928;15395,7307533587;0,797686898285226;93,8572231871156;1480,05621179682;3096,74235889398;0,372847666018256;41292,2814236013
"159";"TRF1_AP_2016";2016;"TRF1";"TRF 1ª Região";"AP";41870383,54;41510,9086288099;27735;0;13775,9086288099;8;146;27735;15362;12151,9086288099;15361;12151,9086288099;0,668137627340468;94,3555385534922;1721,98857860123;3039,39178664669;0,507054231985752;23965,6980698493
"160";"TRF1_PA_2016";2016;"TRF1";"TRF 1ª Região";"PA";129549587,91;285863,017338844;203761;0;82102,0173388444;28;413;203761;115316;78799,0173388444;115315;78799,0173388444;0,712792448274183;198,79423084466;2932,21490495873;1577,90992364212;0,76260533360115;103328,699481739
"161";"TRF1_RO_2016";2016;"TRF1";"TRF 1ª Região";"RO";63017199,58;90630,5008482736;68243;0;22387,5008482736;11;202;68243;41800;21174,5008482736;41533;20965,5008482736;0,752980501721457;110,829212120167;2035,22734984306;2814,83851221649;0,512455863225126;40911,8176857766
"162";"TRF1_RR_2016";2016;"TRF1";"TRF 1ª Região";"RR";21192969,01;22369,2707532277;16833;0;5536,2707532277;4;77;16833;6889;5180,2707532277;6889;5180,2707532277;0,752505532509196;71,8996201717883;1384,06768830692;3828,02250009978;0,454940699667931;11386,6944791021
"163";"TRF1_TO_2016";2016;"TRF1";"TRF 1ª Região";"TO";43186178,71;74359,7888682916;53385;0;20974,7888682916;9;137;53385;35539;19849,7888682916;35539;19849,7888682916;0,717928342891844;153,100648673661;2330,53209647684;2058,95653973834;0,601813497206616;32983,2896078712
"164";"TRF1_BA_2016";2016;"TRF1";"TRF 1ª Região";"BA";266236237,84;526328,793289795;392474;0;133854,793289795;63;871;392474;238574;124129,793289795;238574;124129,793289795;0,745682176243596;153,679441205276;2124,67925856818;1988,99293253996;0,582067077413508;213256,853215925
"165";"TRF1_MA_2016";2016;"TRF1";"TRF 1ª Região";"MA";112175685,55;306986,696232879;200887;0;106099,696232879;25;348;200887;150192;104080,696232879;150192;104080,696232879;0,654383406398849;304,884184577238;4243,98784931516;1057,26679276993;1;104080,696232879
"166";"TRF1_PI_2016";2016;"TRF1";"TRF 1ª Região";"PI";84543672,34;199818,66486968;139879;0;59939,6648696803;20;277;139879;105584;58671,6648696803;105584;58671,6648696803;0,700029699884281;216,388681840001;2996,98324348401;1410,47956347126;0,769337723220483;76262,5607699022
"167";"TRF1_2º Grau_2016";2016;"TRF1";"TRF 1ª Região";"2º Grau";318925938,8;616007;492745;0;123262;27;702;492745;492745;123262;492745;123262;0,799901624494527;175,586894586895;4565,25925925926;2587,38247635119;1;123262
"168";"TRF1_total_2016";2016;"TRF1";"TRF 1ª Região";"total";2564356833,83;4200413;3241897;0;958516;469;8368;3241897;2133672;909587;2133395;909375;0,771804344001411;114,545411089866;2043,74413646055;2675,34066601914;0,58149130469118;1563866,89304486
"169";"TRF2_RJ_2016";2016;"TRF2";"TRF 2ª Região";"RJ";887798113,182931;996979;739050;0;257929;202;2303;739050;330660;234258;328348;233366;0,741289435384296;111,996960486322;1276,87623762376;3442,02518205759;0,446960591212806;522117,61973639
"170";"TRF2_ES_2016";2016;"TRF2";"TRF 2ª Região";"ES";174047236,15;223700;171378;0;52322;41;398;171378;84046;46220;83588;46051;0,766106392489942;131,462311557789;1276,14634146341;3326,46374660755;0,396260896010479;116213,839073291
"171";"TRF2_2º Grau_2016";2016;"TRF2";"TRF 2ª Região";"2º Grau";339348435,868362;154653;94296;0;60357;27;720;94296;94296;60357;94296;60357;0,609726290469632;83,8291666666667;2235,44444444444;5622,35425664565;0,61387808460502;98320,8254434344
"172";"TRF2_total_2016";2016;"TRF2";"TRF 2ª Região";"total";1399092117,31;1375332;1004724;0;370608;270;4667;1004724;509002;340835;506232;339774;0,730531973370793;79,4103278337262;1372,62222222222;3775,12659551332;0,461240679304339;736652,284253115
"173";"TRF3_MS_2016";2016;"TRF3";"TRF 3ª Região";"MS";105985995,24;161118;137104;0;24014;31;240;137104;81937;22595;81161;22447;0,85095395921002;100,058333333333;774,645161290323;4413,50858832348;0,297475251868171;75458,3779962562
"174";"TRF3_SP_2016";2016;"TRF3";"TRF 3ª Região";"SP";1583669618,75;3421017;2753434;0;667583;284;3441;2753434;1142193;618738;1137733;617254;0,804858321370516;194,008427782621;2350,64436619718;2372,24377905069;0,602828981613821;1023928,87340546
"175";"TRF3_2º Grau_2016";2016;"TRF3";"TRF 3ª Região";"2º Grau";358564101,84;493445;366595;0;126850;43;1099;366595;366595;126850;366595;126850;0,742929809806564;115,423111919927;2950;2826,67798060702;0,652182748298708;194500,698356254
"176";"TRF3_total_2016";2016;"TRF3";"TRF 3ª Região";"total";2148591498,56;4075580;3257133;0;818447;358;6295;3257133;1590725;768183;1585489;766551;0,799182693015473;130,015409054805;2286,16480446927;2625,20541777293;0,592440017810961;1293887,94975797
"177";"TRF4_RS_2016";2016;"TRF4";"TRF 4ª Região";"RS";502045628,16;977077;704376;0;272701;140;1509;704376;410540;240361;407323;239492;0,720901218634765;180,716368455931;1947,86428571429;1841,01132067723;0,614158601335561;389951,389558326
"178";"TRF4_PR_2016";2016;"TRF4";"TRF 4ª Região";"PR";429342368,6203;690570;502378;0;188192;116;1238;502378;300055;169360;293943;167587;0,727483093676238;152,012924071082;1622,34482758621;2281,40605668838;0,527167207472796;317901,033342724
"179";"TRF4_SC_2016";2016;"TRF4";"TRF 4ª Região";"SC";295232124,3746;542917;392773;0;150144;81;825;392773;245466;139287;243566;138660;0,723449440706406;181,992727272727;1853,62962962963;1966,32648906783;0,601639392251952;230470,281344099
"180";"TRF4_2º Grau_2016";2016;"TRF4";"TRF 4ª Região";"2º Grau";205096985,211;286164;164278;0;121886;27;591;164278;164278;121886;164278;121886;0,574069414741197;206,236886632826;4514,2962962963;1682,69518411466;1;121886
"181";"TRF4_total_2016";2016;"TRF4";"TRF 4ª Região";"total";1721743571,7;2495064;1762750;0;732314;362;5267;1762750;1119284;670285;1108055;667016;0,706494903537545;139,038162141637;2022,96685082873;2351,100172467;0,629710921374993;1060208,70424515
"182";"TRF5_SE_2016";2016;"TRF5";"TRF 5ª Região";"SE";72433836,75;83114;45232;0;37882;15;92;45232;22673;35781;22591;35738;0,544216377505595;411,760869565217;2525,46666666667;1912,09114487091;1;35738
"183";"TRF5_AL_2016";2016;"TRF5";"TRF 5ª Região";"AL";104117271,75;159879;87936;0;71943;22;247;87936;48487;70566;48389;70535;0,550015949561856;291,267206477733;3270,13636363636;1447,21893373921;1;70535
"184";"TRF5_PE_2016";2016;"TRF5";"TRF 5ª Região";"PE";251859122,68;312890;195265;0;117625;56;775;195265;88566;109969;88126;109658;0,624069161686216;151,774193548387;2100,44642857143;2141,20401853348;0,764750883631095;143390,484858723
"185";"TRF5_RN_2016";2016;"TRF5";"TRF 5ª Região";"RN";128636099,36;148483;75933;0;72550;25;332;75933;42258;70488;41835;70247;0,511391876511116;218,524096385542;2902;1773,06821998622;1;70247
"186";"TRF5_CE_2016";2016;"TRF5";"TRF 5ª Região";"CE";257722801,54;335169;199356;0;135813;56;730;199356;109764;127711;109331;127664;0,59479247782462;186,045205479452;2425,23214285714;1897,62984058963;0,774844232534686;164760,85726596
"187";"TRF5_PB_2016";2016;"TRF5";"TRF 5ª Região";"PB";132270711,86;191658;119896;0;71762;28;370;119896;66698;67650;66592;67582;0,625572634588694;193,951351351351;2562,92857142857;1843,18597391377;0,742344914576677;91038,5437725248
"188";"TRF5_2º Grau_2016";2016;"TRF5";"TRF 5ª Região";"2º Grau";213371793;82678;52966;0;29712;14;406;52966;52966;29712;52966;29712;0,640629913640872;73,1822660098522;2122,28571428571;7181,33390549273;0,567539899558007;52352,2663748211
"189";"TRF5_total_2016";2016;"TRF5";"TRF 5ª Região";"total";1159340684;1240907;776584;0;464323;196;3856;776584;431412;438913;429830;438172;0,625819662553278;120,415715767635;2368,99489795918;2496,8409576954;0,813830284392959;628062,15227203
"190";"TRF_total_2016";2016;"TRF";"TRF";"total";8993124705,4;13387296;10043088;0;3344208;1655;28453;10043088;5784095;3127803;5764056;3121497;0,750195409140128;117,534460338101;2020,66948640483;2689,16428206619;0,604704850443924;5282677,98357313
"191";"TRF1_DF_2017";2017;"TRF1";"TRF 1ª Região";"DF";244586218,88;372258;307476;123471;64782;55;505;184005;129995;61010;129993;61010;0,739608580834208;128,281188118812;1177,85454545455;3775,5274440431;0,354801763916001;171955,176678445
"192";"TRF1_GO_2017";2017;"TRF1";"TRF 1ª Região";"GO";208113671,79;324493;259541;118190;64952;44;496;141351;83893;60818;83892;60817;0,68516211591688;130,951612903226;1476,18181818182;3204,11491239685;0,361946445001066;168027,62077086
"193";"TRF1_MT_2017";2017;"TRF1";"TRF 1ª Região";"MT";126829510,36;167692;137092;51520;30600;31;336;85572;58670;28819;58669;28819;0,736597458940192;91,0714285714286;987,096774193548;4144,75524052288;0,281435271155533;102400,100320309
"194";"TRF1_MG_2017";2017;"TRF1";"TRF 1ª Região";"MG";647993572,94;1057237;851186;455509;206051;157;1554;395677;282918;189476;282915;189475;0,657567871197618;132,593951093951;1312,42675159236;3144,82129637808;0,362160558352477;523179,555669867
"195";"TRF1_AC_2017";2017;"TRF1";"TRF 1ª Região";"AC";46974301,31;38714;28948;12544;9766;10;106;16404;12881;9248;12881;9248;0,626824608330149;92,1320754716981;976,6;4809,98375076797;0,287523907024689;32164,2819051074
"196";"TRF1_AM_2017";2017;"TRF1";"TRF 1ª Região";"AM";78671615,43;97843;81882;42644;15961;21;205;39238;25547;13470;25546;13470;0,710846210982083;77,8585365853659;760,047619047619;4928,99037842241;0,212065226854626;63518,1929625545
"197";"TRF1_AP_2017";2017;"TRF1";"TRF 1ª Região";"AP";58144886,36;37140;28462;15032;8678;6;148;13430;8947;7157;8946;7157;0,607472408178035;58,6351351351351;1446,33333333333;6700,26346623646;0,320389182095863;22338,4571013967
"198";"TRF1_PA_2017";2017;"TRF1";"TRF 1ª Região";"PA";155065665,07;279045;207023;103865;72022;39;404;103158;78638;68866;78637;68866;0,588868592305058;178,272277227723;1846,71794871795;2153,0319217739;0,550058836393813;125197,516053893
"199";"TRF1_RO_2017";2017;"TRF1";"TRF 1ª Região";"RO";74994118,74;94301;70011;28260;24290;19;187;41751;26136;23154;25839;23028;0,632198179918535;129,893048128342;1278,42105263158;3087,44828077398;0,380319810866112;60549,0414700137
"200";"TRF1_RR_2017";2017;"TRF1";"TRF 1ª Região";"RR";29898200,24;20099;16548;7653;3551;5;71;8895;5013;3272;5013;3272;0,714687449783063;50,0140845070423;710,2;8419,65650239369;0,26139140959655;12517,6263636599
"201";"TRF1_TO_2017";2017;"TRF1";"TRF 1ª Região";"TO";58973480,4;73164;56939;14303;16225;13;154;42636;30582;15225;30582;15225;0,724350588675014;105,357142857143;1248,07692307692;3634,72914637904;0,319757305790095;47614,2365610075
"202";"TRF1_BA_2017";2017;"TRF1";"TRF 1ª Região";"BA";344733912,44;550081;402494;170662;147587;76;826;231832;183738;134531;183733;134531;0,611018425540102;178,676755447942;1941,93421052632;2335,80134049747;0,483346185823898;278332,598757726
"203";"TRF1_MA_2017";2017;"TRF1";"TRF 1ª Região";"MA";142341576,28;308211;223561;90144;84650;34;351;133417;109724;82138;109724;82138;0,611816551793715;241,168091168091;2489,70588235294;1681,53072982871;0,714713995844812;114924,292063024
"204";"TRF1_PI_2017";2017;"TRF1";"TRF 1ª Região";"PI";109522443,23;208176;147668;33208;60508;26;261;114460;90920;59493;90920;59493;0,654176763751086;231,831417624521;2327,23076923077;1810,04897253256;0,672794882575739;88426,6535622803
"205";"TRF1_2º Grau_2017";2017;"TRF1";"TRF 1ª Região";"2º Grau";468426262,99;612666;503437;0;109229;27;683;503437;503437;109229;503437;109229;0,82171525757917;159,92532942899;4045,51851851852;4288,47891118659;0,737734702147778;148060
"206";"TRF1_total_2017";2017;"TRF1";"TRF 1ª Região";"total";2774024012,08;4241120;3322268;1267005;918852;554;8495;2055263;1631039;865906;1630727;865778;0,69105027882244;108,163861094762;1658,57761732852;3019,01069168919;0,441902631540834;1959205,35024014
"207";"TRF2_RJ_2017";2017;"TRF2";"TRF 2ª Região";"RJ";819407982,975888;1112328;767675;462341;344653;192;2191;305334;208100;271816;205785;271043;0,469754010464825;157,303970789594;1795,06770833333;2377,48687223349;0,527472959574317;513851,933222772
"208";"TRF2_ES_2017";2017;"TRF2";"TRF 2ª Região";"ES";138560772,691279;235071;177517;87786;57554;40;405;89731;60315;50148;59763;50026;0,609233798418033;142,108641975309;1438,85;2407,49161989226;0,447172837991161;111871,732247272
"209";"TRF2_2º Grau_2017";2017;"TRF2";"TRF 2ª Região";"2º Grau";235079006,644809;134254;84262;0;49992;27;697;84262;84262;49992;84262;49992;0,627631206518986;71,7245337159254;1851,55555555556;4702,33250609715;0,357179443784366;139963,261800085
"210";"TRF2_total_2017";2017;"TRF2";"TRF 2ª Região";"total";1486130151,22;1457375;1009520;550127;447855;259;4568;459393;332743;367612;329876;366717;0,506358790540183;98,0418126094571;1729,16988416988;3318,32881450469;0,484611904401878;765686,92727013
"211";"TRF3_MS_2017";2017;"TRF3";"TRF 3ª Região";"MS";116018298,93;136451;109767;21497;26684;30;213;88270;65557;24150;64700;23888;0,76787236633784;125,276995305164;889,466666666667;4347,86010080947;0,329364138019;72527,628975265
"212";"TRF3_SP_2017";2017;"TRF3";"TRF 3ª Região";"SP";1536413377,5;3587639;2870884;1576190;716755;288;3345;1294694;730672;663508;725069;661749;0,643662354849663;214,276532137519;2488,73263888889;2143,56841249799;0,580996204141952;1138990,22968198
"213";"TRF3_2º Grau_2017";2017;"TRF3";"TRF 3ª Região";"2º Grau";277887489,91;502943;348097;0;154846;42;1077;348097;348097;154846;348097;154846;0,692120180616889;143,77530176416;3686,80952380952;1794,6055429911;0,709581118836502;218221,702761624
"214";"TRF3_total_2017";2017;"TRF3";"TRF 3ª Região";"total";2324992195,19;4227033;3328748;1597687;898285;359;6302;1731061;1144326;842504;1137866;840483;0,658361813165707;142,539669946049;2502,18662952646;2588,25672831006;0,587857413112293;1429739,56141887
"215";"TRF4_RS_2017";2017;"TRF4";"TRF 4ª Região";"RS";536918644,241964;1002711;723025;347356;279686;148;1486;375669;250473;240738;247055;240274;0,573229776228151;188,21399730821;1889,77027027027;1919,7194147793;0,554265985306666;433499,450389438
"216";"TRF4_PR_2017";2017;"TRF4";"TRF 4ª Região";"PR";463059277,398133;726510;517165;242300;209345;127;1255;274865;195632;189995;188563;188637;0,567656595278908;166,808764940239;1648,38582677165;2211,94333467784;0,504556987446835;373866,589291614
"217";"TRF4_SC_2017";2017;"TRF4";"TRF 4ª Região";"SC";317117882,635529;564035;414901;228990;149134;88;868;185911;134818;136200;132715;135778;0,554883672342521;171,8133640553;1694,70454545455;2126,39560821496;0,530308524007945;256035,861867394
"218";"TRF4_2º Grau_2017";2017;"TRF4";"TRF 4ª Região";"2º Grau";199622657,981999;311038;162978;0;148060;27;581;162978;162978;148060;162978;148060;0,523980992676136;254,836488812392;5483,7037037037;1348,25515319465;1;148060
"219";"TRF4_total_2017";2017;"TRF4";"TRF 4ª Região";"total";1848945162,01;2604294;1818069;818646;786225;391;5230;999423;743901;714993;731311;712749;0,55969765597699;150,32982791587;2010,80562659847;2351,67434514293;0,58833794037517;1211461,90154845
"220";"TRF5_SE_2017";2017;"TRF5";"TRF 5ª Região";"SE";81236854,44;95792;48666;23939;47126;14;198;24727;20381;44828;20202;44776;0,344133160758771;238,010101010101;3366,14285714286;1723,82240037347;0,887619117562145;50445,0604026846
"221";"TRF5_AL_2017";2017;"TRF5";"TRF 5ª Região";"AL";119352149,74;195425;97642;30718;97783;19;283;66924;38764;96394;38591;96363;0,406321528532485;345,52296819788;5146,47368421053;1220,58179581318;1;96363
"222";"TRF5_PE_2017";2017;"TRF5";"TRF 5ª Região";"PE";285858936,39;352100;199080;119208;153020;48;840;79872;66181;141714;65507;141534;0,34295725057108;182,166666666667;3187,91666666667;1868,1148633512;0,865264309936689;163573,139877173
"223";"TRF5_RN_2017";2017;"TRF5";"TRF 5ª Região";"RN";139867658,51;163517;81373;39006;82144;22;336;42367;35467;79239;35076;79124;0,340267124992973;244,47619047619;3733,81818181818;1702,71302237534;0,903387117742331;87585,929050815
"224";"TRF5_CE_2017";2017;"TRF5";"TRF 5ª Região";"CE";279368691,04;393713;202387;51674;191326;50;772;150713;88619;186429;88005;186328;0,440631039150506;247,831606217617;3826,52;1460,17107471018;0,847903631829601;219751,388017932
"225";"TRF5_PB_2017";2017;"TRF5";"TRF 5ª Região";"PB";148851826,88;220559;128464;44522;92095;25;341;83942;56583;88354;56349;88299;0,476842936428137;270,073313782991;3683,8;1616,28564938379;0,760462021310366;116112,307420495
"226";"TRF5_2º Grau_2017";2017;"TRF5";"TRF 5ª Região";"2º Grau";235169327,76;92789;68931;0;23858;15;408;68931;68931;23858;68931;23858;0,742879005054478;58,4754901960784;1590,53333333333;9857,04282672479;0,298103865186974;80032,5080824968
"227";"TRF5_total_2017";2017;"TRF5";"TRF 5ª Região";"total";1285476882,76;1513895;826543;309067;687352;192;4082;517476;374926;660816;372661;660282;0,429501970405734;168,386085252327;3579,95833333333;1870,18715703162;0,811293460889212;813863,332851596
"228";"TRF_total_2017";2017;"TRF";"TRF";"total";9719568403,26;14043717;10305148;4525008;3738569;1755;28677;5780140;4246771;3455922;4222277;3450100;0,607239910370198;130,36820448443;2130,23874643875;2599,80982115349;0,558313425005924;6179957,07332918
"229";"TRF1_DF_2018";2018;"TRF1";"TRF 1ª Região";"DF";249785371,25;391075;300525;142490;90550;52,4328767123288;518;158035;106875;79492;106873;79492;0,6357382786572;174,80694980695;1726,96990281116;2758,5352981778;0,385562342007384;206171,587157954
"230";"TRF1_GO_2018";2018;"TRF1";"TRF 1ª Região";"GO";212364680,06;350874;254239;121190;96635;43,9534246575342;500;133049;75842;91574;75839;91573;0,579269779349019;193,27;2198,57726111076;2197,59590272676;0,59329200901496;154347,266790325
"231";"TRF1_MT_2018";2018;"TRF1";"TRF 1ª Região";"MT";132224347,01;181145;138012;64890;43133;28,986301369863;315;73122;45201;40337;45200;40337;0,628979398735538;136,930158730159;1488,047731569;3065,50314167807;0,434331657599693;92871,4250831263
"232";"TRF1_MG_2018";2018;"TRF1";"TRF 1ª Região";"MG";661307535,69;1090374;814309;486501;276065;148,153424657534;1566;327808;205778;255417;205769;255416;0,542842617570251;176,286717752235;1863,37238331237;2395,47764363465;0,591195635872068;432032,959145982
"233";"TRF1_AC_2018";2018;"TRF1";"TRF 1ª Região";"AC";46562993,4;41205;21538;9189;19667;7,98630136986301;96;12349;7353;19009;7353;19009;0,385713393303348;204,864583333333;2462,59176672384;2367,56970559821;1;19009
"234";"TRF1_AM_2018";2018;"TRF1";"TRF 1ª Região";"AM";80541089,19;107489;80040;53948;27449;18,986301369863;203;26092;17560;23842;17559;23842;0,487327468668871;135,216748768473;1445,72655122655;2934,20850267769;0,586939059002332;40620,9122298424
"235";"TRF1_AP_2018";2018;"TRF1";"TRF 1ª Região";"AP";58577147,27;40087;22946;11600;17141;6,98630136986301;127;11346;7410;16124;7410;16123;0,398286937901499;134,968503937008;2453,51568627451;3417,37047255119;0,891161404480308;18092,1210444502
"236";"TRF1_PA_2018";2018;"TRF1";"TRF 1ª Região";"PA";164560743,03;294559;202978;121240;91581;37,6493150684932;387;81738;53605;88951;53604;88951;0,471604382670105;236,643410852713;2432,47453063601;1796,88737871393;0,798870313040402;111345,982630727
"237";"TRF1_RO_2018";2018;"TRF1";"TRF 1ª Região";"RO";80171933,24;98572;71180;32592;27392;17,986301369863;186;38588;18581;25729;18341;25454;0,584843892088512;147,268817204301;1522,93678598629;2926,83751606308;0,608743569744731;41813,9940446087
"238";"TRF1_RR_2018";2018;"TRF1";"TRF 1ª Região";"RR";30299673,22;21823;16552;10896;5271;4,98630136986301;62;5656;2461;4475;2461;4475;0,517616912235746;85,0161290322581;1057,09615384615;5748,37283627395;0,70337466486768;6362,18536651707
"239";"TRF1_TO_2018";2018;"TRF1";"TRF 1ª Região";"TO";64276277,95;81071;50256;17660;30815;10,986301369863;139;32596;20318;29734;20317;29734;0,51404330478939;221,690647482014;2804,8566084788;2085,87629239007;0,717887684215442;41418,7353450637
"240";"TRF1_BA_2018";2018;"TRF1";"TRF 1ª Região";"BA";357081836,15;592803;388930;171539;203873;74,5780821917808;823;217391;160637;190988;160635;190988;0,516044570625546;247,719319562576;2733,68520627457;1751,49154694344;0,611190519606551;312485,213486209
"241";"TRF1_MA_2018";2018;"TRF1";"TRF 1ª Região";"MA";147360437,42;375659;189535;70266;186124;32,986301369863;358;119269;98680;180751;98679;180751;0,390542677795496;519,899441340782;5642,4634551495;791,732594506888;1;180751
"242";"TRF1_PI_2018";2018;"TRF1";"TRF 1ª Região";"PI";115164009,54;212261;133151;27279;79110;24,986301369863;261;105872;80978;77695;80978;77695;0,572336767901742;303,103448275862;3166,13486842105;1455,74528555176;0,589596479447997;131776,567039106
"243";"TRF1_2º Grau_2018";2018;"TRF1";"TRF 1ª Região";"2º Grau";423509797,59;634644;514876;0;119768;26;668;514876;514876;119768;514876;119768;0,811283176079818;179,293413173653;4606,46153846154;3536,08474375459;0,798049776310646;150075,851851852
"244";"TRF1_total_2018";2018;"TRF1";"TRF 1ª Região";"total";2804384491,62;4513641;3199067;1341280;1314574;537;8074;1857787;1416155;1243886;1415894;1243608;0,585616517161824;162,815704731236;2447,99627560521;2133,30287349362;0,641307838375541;1939174,80121576
"245";"TRF2_RJ_2018";2018;"TRF2";"TRF 2ª Região";"RJ";835889454,838536;1045937;688963;386125;356974;212;2205;302838;226846;284402;224519;283636;0,458976193218674;161,892970521542;1683,83962264151;2341,59758088414;0,57979399191522;489201,343848134
"246";"TRF2_ES_2018";2018;"TRF2";"TRF 2ª Região";"ES";144971235,342609;252769;161883;68629;90886;37,9205479452055;395;93254;64017;82225;63441;82073;0,506429890300858;230,091139240506;2396,74806733618;1595,08874130899;0,661735324716418;124026,928795394
"247";"TRF2_2º Grau_2018";2018;"TRF2";"TRF 2ª Região";"2º Grau";232706999,519989;124556;77189;0;47367;27;710;77189;77189;47367;77189;47367;0,619713221362279;66,7140845070423;1754,33333333333;4912,85070872104;0,332195801874698;142587,593620062
"248";"TRF2_total_2018";2018;"TRF2";"TRF 2ª Região";"total";1522832343,46;1423262;928035;440308;495227;277;4565;487727;382498;413994;379595;413076;0,496184968981254;108,483461117196;1787,82310469314;3075,01881654272;0,546529939946961;755815,86626359
"249";"TRF3_MS_2018";2018;"TRF3";"TRF 3ª Região";"MS";109602546,05;190716;150248;45354;40468;26,2082191780822;227;104894;75504;37694;74532;37433;0,721605371417564;178,273127753304;1544,0957558018;2708,37565607393;0,326611216340478;114610,270949721
"250";"TRF3_SP_2018";2018;"TRF3";"TRF 3ª Região";"SP";1441214184,05;3640028;2717506;1423472;922522;314,476712328767;3259;1294034;797766;859221;791437;857599;0,583803883141234;283,069039582694;2933,51451421801;1562,25454140931;0,57919729502929;1480668,17189923
"251";"TRF3_2º Grau_2018";2018;"TRF3";"TRF 3ª Região";"2º Grau";574748072,91;465834;330293;0;135541;43;1116;330293;330293;135541;330293;135541;0,709035836800234;121,452508960573;3152,11627906977;4240,40012180816;0,546090675112185;248202,37037037
"252";"TRF3_total_2018";2018;"TRF3";"TRF 3ª Região";"total";2122577215,99;4281185;3195111;1468826;1086074;383;6175;1726285;1200627;1019999;1193326;1018116;0,613820995114777;175,882429149798;2835,70234986945;1954,35782091276;0,559036466563642;1843480,81321933
"253";"TRF4_RS_2018";2018;"TRF4";"TRF 4ª Região";"RS";449699305,566818;1074697;752077;352173;322620;150,098630136986;1515;399904;275545;270671;271668;269880;0,553481960460829;212,950495049505;2149,38670463257;1393,89779172655;0,534978728262303;504468,65593444
"254";"TRF4_PR_2018";2018;"TRF4";"TRF 4ª Região";"PR";435482290,019533;743994;516896;236311;227098;124,605479452055;1328;280585;199720;203362;191954;201438;0,552677556664296;171,007530120482;1822,53622391768;1917,59632413994;0,537486781839439;374777,588595983
"255";"TRF4_SC_2018";2018;"TRF4";"TRF 4ª Região";"SC";302839447,577652;608486;416852;204975;191634;87,5643835616438;867;211877;151742;161607;149400;160986;0,525083578886325;221,031141868512;2188,49253778042;1580,30123870322;0,562745571440158;286072,442272643
"256";"TRF4_2º Grau_2018";2018;"TRF4";"TRF 4ª Região";"2º Grau";192797221,866297;321322;165474;0;155848;27;583;165474;165474;155848;165474;155848;0,514978744063587;267,320754716981;5772,14814814815;1237,08499221226;1;155848
"257";"TRF4_total_2018";2018;"TRF4";"TRF 4ª Região";"total";1846272069,52;2748499;1851299;793459;897200;390;5319;1057840;792481;791488;778496;788152;0,541083558392667;168,678322993044;2300,51282051282;2057,81550325457;0,596557578898054;1321166,68680307
"258";"TRF5_SE_2018";2018;"TRF5";"TRF 5ª Região";"SE";81916908,6308088;95284;54792;16907;40492;15;186;37885;27706;37054;27378;36986;0,48336884545211;217,698924731183;2699,46666666667;2023,03933198678;0,660353499413392;56009,3950177527
"259";"TRF5_AL_2018";2018;"TRF5";"TRF 5ª Região";"AL";116002636,295437;198311;109415;25755;88896;23;290;83660;51250;87545;50959;87474;0,484828113771761;306,537931034483;3865,04347826087;1304,92526430252;0,880724505019625;99320,5020428616
"260";"TRF5_PE_2018";2018;"TRF5";"TRF 5ª Região";"PE";283669253,312539;348669;222046;92220;126623;60;884;129826;102413;116496;101674;116260;0,506244906394644;143,238687782805;2110,38333333333;2240,26640746578;0,562281299005032;206764,834978016
"261";"TRF5_RN_2018";2018;"TRF5";"TRF 5ª Região";"RN";139031641,072736;169530;96753;25696;72777;27;299;71057;50093;69941;49340;69612;0,494020885187091;243,401337792642;2695,44444444444;1910,37884321607;0,696350930519067;99966,837048829
"262";"TRF5_CE_2018";2018;"TRF5";"TRF 5ª Região";"CE";283472112,62549;392531;220321;48635;172210;59;679;171686;112790;163941;111786;163729;0,499238141763789;253,622974963181;2918,81355932203;1646,08392442651;0,734523379495692;222905,089981496
"263";"TRF5_PB_2018";2018;"TRF5";"TRF 5ª Região";"PB";149930426,122989;228138;143216;39539;84922;28;547;103677;67767;81285;67389;81178;0,549721896722676;155,250457038391;3032,92857142857;1765,50747889816;0,629666740016178;128922,166030104
"264";"TRF5_2º Grau_2018";2018;"TRF5";"TRF 5ª Região";"2º Grau";226839968,18;92525;65481;0;27044;15;398;65481;65481;27044;65481;27044;0,707711429343421;67,9497487437186;1802,93333333333;8387,81127717793;0,321509955852896;84115,5911587813
"265";"TRF5_total_2018";2018;"TRF5";"TRF 5ª Região";"total";1276634384,62;1524988;912024;248752;612964;210;4277;663272;477500;583306;474007;582283;0,519709520809631;143,316343231237;2918,87619047619;2082,72326697816;0,648418860150473;898004,416257841
"266";"TRF_total_2018";2018;"TRF";"TRF";"total";9572700505,21;14491575;10085536;4266974;4406039;1797;28410;5818562;4307257;4052669;4279314;4045183;0,569074724774101;155,08760999648;2451,88592097941;2172,63181401935;0,600459694295125;6757642,58375958
"267";"TRF1_DF_2019";2019;"TRF1";"TRF 1ª Região";"DF";263796442;475610;334538;132666;141072;57;493;201872;160208;129011;160204;128924;0,588644210133433;286,150101419878;2474,94736842105;1869,94188783033;0,71189864083209;181098,814642081
"268";"TRF1_GO_2019";2019;"TRF1";"TRF 1ª Região";"GO";230689094;427596;269042;117883;158554;43;486;151159;107292;137789;107288;137535;0,488061527930697;326,242798353909;3687,3023255814;1454,95600237143;0,844240835660134;162909,674811522
"269";"TRF1_MT_2019";2019;"TRF1";"TRF 1ª Região";"MT";141330877;233202;156477;56521;76725;28;328;99956;68163;74082;68162;73488;0,56574277935941;233,917682926829;2740,17857142857;1842,04466601499;0,678077257535467;108377,031058524
"270";"TRF1_MG_2019";2019;"TRF1";"TRF 1ª Região";"MG";717032145;1368744;822609;428599;546135;157;1524;394010;289949;507369;289941;506047;0,419094926846391;358,356299212598;3478,56687898089;1312,92106347332;1;506047
"271";"TRF1_AC_2019";2019;"TRF1";"TRF 1ª Região";"AC";48453069;63639;43283;11785;20356;7;102;31498;26412;19363;26412;19130;0,607436263354804;199,56862745098;2908;2380,28438789546;0,569796327224514;33573,3999781685
"272";"TRF1_AM_2019";2019;"TRF1";"TRF 1ª Região";"AM";88702942;143453;97845;50975;45608;19;209;46870;38052;43322;38051;43032;0,506823244447328;218,22009569378;2400,42105263158;1944,89874583406;0,652344059696536;65965,1902402822
"273";"TRF1_AP_2019";2019;"TRF1";"TRF 1ª Região";"AP";63850703;43362;30306;12043;13056;7;135;18263;14212;11824;14212;11718;0,583128452377151;96,7111111111111;1865,14285714286;4890,52565870098;0,476127843712617;24611,037045489
"274";"TRF1_PA_2019";2019;"TRF1";"TRF 1ª Região";"PA";174213873;362253;230903;109337;131350;38;415;121566;94398;126570;94393;126340;0,480657609641146;316,506024096386;3456,57894736842;1326,33325466311;0,900076619682887;140365,82801641
"275";"TRF1_RO_2019";2019;"TRF1";"TRF 1ª Região";"RO";87742382;130085;81604;27612;48481;19;193;53992;34718;44502;34506;43040;0,526890010051428;251,19689119171;2551,63157894737;1809,83028402879;0,714528513648502;60235,5247941479
"276";"TRF1_RR_2019";2019;"TRF1";"TRF 1ª Região";"RR";33339647;31728;20886;9712;10842;5;75;11174;8805;9685;8805;9582;0,507539970930233;144,56;2168,4;3075,04584025088;0,623022279075479;15379,8673367171
"277";"TRF1_TO_2019";2019;"TRF1";"TRF 1ª Região";"TO";72733155;90914;52684;21849;38230;13;153;30835;20587;36382;20587;36028;0,446463476435242;249,869281045752;2940,76923076923;1902,51517133142;1;36028
"278";"TRF1_BA_2019";2019;"TRF1";"TRF 1ª Região";"BA";377297951;734560;456917;164027;277643;78;784;292890;232408;260351;232406;260044;0,513362066699034;354,136479591837;3559,52564102564;1358,93197739543;0,9216934663079;282137,184981552
"279";"TRF1_MA_2019";2019;"TRF1";"TRF 1ª Região";"MA";158594057;384393;245640;99024;138753;34;358;146616;125933;134185;125932;134022;0,513776899382904;387,578212290503;4080,97058823529;1142,99551721404;1;134022
"280";"TRF1_PI_2019";2019;"TRF1";"TRF 1ª Região";"PI";126938645;282944;180031;39794;102913;21;263;140237;117721;100038;117721;99876;0,576750976763315;391,304182509506;4900,61904761905;1233,4558802095;1;99876
"281";"TRF1_2º Grau_2019";2019;"TRF1";"TRF 1ª Região";"2º Grau";459839959;763824;514071;0;249753;26;662;514071;514071;249753;514071;249753;0,673022842958587;377,270392749245;9605,88461538462;1841,17892077372;1;249753
"282";"TRF1_total_2019";2019;"TRF1";"TRF 1ª Região";"total";3016465898,16;5536307;3536836;1281827;1999471;556;7912;2255009;1852929;1884226;1852691;1878559;0,530031637238863;252,713725985844;3596,17086330935;1508,6319822393;0,894390253133959;2100379,55290489
"283";"TRF2_RJ_2019";2019;"TRF2";"TRF 2ª Região";"RJ";920988223,561911;1033739;699140;360564;334599;210,331506849315;2100;338576;273297;292882;271108;292252;0,502953912429903;159,332857142857;1590,81730080369;2752,51337739178;0,616193777904564;474285,866686022
"284";"TRF2_ES_2019";2019;"TRF2";"TRF 2ª Região";"ES";148240383,366834;243095;166906;77423;76189;37,3479452054795;383;89483;61555;69391;60997;69161;0,540121444782462;198,926892950392;2039,97835974178;1945,69272948633;0,65047073159781;106324,537969777
"285";"TRF2_2º Grau_2019";2019;"TRF2";"TRF 2ª Região";"2º Grau";225938175,917713;125388;77540;0;47848;27;716;77540;77540;47848;77540;47848;0,618400484894886;66,8268156424581;1772,14814814815;4721,99832631903;0,384476874850977;124449,617466709
"286";"TRF2_total_2019";2019;"TRF2";"TRF 2ª Região";"total";1621426058,77;1402222;943586;437987;458636;275;4468;505599;412392;410121;409645;409261;0,524352465944505;102,649059982095;1667,76727272727;3535,32225723668;0,580462637447466;705060,022122508
"287";"TRF3_MS_2019";2019;"TRF3";"TRF 3ª Região";"MS";110720836,66;211645;160215;40675;51430;22,3534246575342;227;119540;93767;47987;92556;47835;0,699186991869919;226,563876651982;2300,76602524819;2152,84535601789;0,558197901091096;85695,4135916636
"288";"TRF3_SP_2019";2019;"TRF3";"TRF 3ª Região";"SP";1599079169,024;3890268;2877941;1488796;1012327;343,282191780822;3229;1389145;891560;934191;884730;932094;0,578455630546598;313,510994115825;2948,96450861147;1579,60734923004;0,815456112974169;1143033,92318739
"289";"TRF3_2º Grau_2019";2019;"TRF3";"TRF 3ª Região";"2º Grau";600866650,71;493741;344292;0;149449;42;1062;344292;344292;149449;344292;149449;0,697312963679338;140,724105461394;3558,30952380952;4020,54647879879;0,509453818375976;293351,417948755
"290";"TRF3_total_2019";2019;"TRF3";"TRF 3ª Região";"total";2306924773,54;4595660;3382454;1529471;1213206;408;6044;1852983;1329625;1131627;1321584;1129378;0,604327717567312;200,728987425546;2973,54411764706;1901,5111807393;0,741996110582167;1522080,7547278
"291";"TRF4_RS_2019";2019;"TRF4";"TRF 4ª Região";"RS";432336749,437874;1144316;732955;353157;411361;145,665753424658;1461;379798;269426;369725;265125;368838;0,480052682204209;281,561259411362;2824,00626316581;1050,99109890795;0,817710322434942;451061,934624587
"292";"TRF4_PR_2019";2019;"TRF4";"TRF 4ª Região";"PR";495843272,918554;787493;531927;252923;255566;124,641095890411;1248;279004;198576;230673;190012;228452;0,521922292683839;204,780448717949;2050,4152195894;1940,1769911434;0,688624366586755;331751,258138524
"293";"TRF4_SC_2019";2019;"TRF4";"TRF 4ª Região";"SC";254622486,628871;630827;423817;202006;207010;82,4767123287671;839;221811;155776;186413;153149;185738;0,517257783550712;246,73420738975;2509,920608557;1230,0009015452;0,712157131602525;260810,419158543
"294";"TRF4_2º Grau_2019";2019;"TRF4";"TRF 4ª Região";"2º Grau";211176274,756563;337606;166556;0;171050;26;558;166556;166556;171050;166556;171050;0,493344312601079;306,541218637993;6578,84615384615;1234,58798454582;1;171050
"295";"TRF4_total_2019";2019;"TRF4";"TRF 4ª Região";"total";2002674780,91;2900235;1855255;808086;1044980;379;5084;1047169;790334;957854;774842;954071;0,500523146295986;205,542879622345;2757,20316622691;1916,47187593064;0,785460382637783;1214673,61192165
"296";"TRF5_SE_2019";2019;"TRF5";"TRF 5ª Região";"SE";61055711,5288096;95895;55066;17354;40829;13,2109589041096;193;37712;27631;38554;27602;38260;0,48015686074789;211,549222797927;3090,54023226877;1495,40061056625;0,802238004770921;47691,5825135025
"297";"TRF5_AL_2019";2019;"TRF5";"TRF 5ª Região";"AL";85756950,4115908;203626;107388;14355;96238;20,213698630137;283;93033;53228;90731;53208;90471;0,491533304098356;340,063604240283;4761,02873407428;891,092400211879;1;90471
"298";"TRF5_PE_2019";2019;"TRF5";"TRF 5ª Região";"PE";224685246,625981;348971;218217;23188;130754;50,5753424657534;595;195029;103984;117441;103801;117020;0,598646952112296;219,75462184874;2585,33098591549;1718,38143862506;0,651939949138722;179495,059559696
"299";"TRF5_RN_2019";2019;"TRF5";"TRF 5ª Região";"RN";106310813,72697;173022;93463;17478;79559;24,6164383561644;322;75985;45022;77059;44991;76277;0,48851128941007;247,077639751553;3231,94602114636;1336,25125663935;0,974587714080131;78265,9158308746
"300";"TRF5_CE_2019";2019;"TRF5";"TRF 5ª Região";"CE";218543751,400935;385177;216068;40900;169109;52,6301369863014;852;175168;98902;163411;98803;162614;0,508799600321834;198,484741784038;3213,1590317543;1292,3247810639;0,950420707561362;171096,861322859
"301";"TRF5_PB_2019";2019;"TRF5";"TRF 5ª Região";"PB";123935047,35398;243317;156553;25073;86764;26,4246575342466;300;131480;78696;84064;78681;83722;0,602444969850259;289,213333333333;3283,44841886988;1428,41555661311;0,804938114180906;104010,48046432
"302";"TRF5_2º Grau_2019";2019;"TRF5";"TRF 5ª Região";"2º Grau";152538109,316966;110890;71279;0;39611;15;391;71279;71279;39611;71279;39611;0,642790152403283;101,306905370844;2640,73333333333;3850,9027622874;0,4668059966791;84855,3794976847
"303";"TRF5_total_2019";2019;"TRF5";"TRF 5ª Região";"total";1257140281,72;1560898;918034;138348;642864;202;3997;779686;478742;610871;478365;607975;0,548090401040385;160,836627470603;3182,49504950495;1955,53069034819;0,804320724874587;755886,279188937
"304";"TRF_total_2019";2019;"TRF";"TRF";"total";10204631793,1;15995322;10636165;4195719;5359157;1820;27505;6440446;4864022;4994699;4837127;4979244;0,545818872041712;194,843010361752;2944,59175824176;1904,14869224768;0,790598218089306;6298080,2208658
"305";"TRF1_1º Grau_2012";2012;"TRF1";"TRF 1ª Região";"1º Grau";1440198211,12;2906427;2124660;0;1033172;359;6481;2124660;1314682;921908;1309636;919967;0,6445216067701;159,415522295942;2877,91643454039;1393,95784159849;0,743956749301532;1236586,67101779
"306";"TRF1_1º Grau_2013";2013;"TRF1";"TRF 1ª Região";"1º Grau";1624917003,55;3024495;2146875;0;1039706;397;6845;2146875;1291737;946097;1286655;943868;0,656238148847989;151,89276844412;2618,90680100756;1562,86200478789;0,696558307290557;1355045,21318742
"307";"TRF1_1º Grau_2014";2014;"TRF1";"TRF 1ª Região";"1º Grau";1854957109,5;3428493;2320757;0;924996;532;7205;2320757;1423678;834323;1418393;832466;0,730203328401137;128,382512144344;1738,71428571429;2005,36770915766;0,606850236040024;1371781,62017737
"308";"TRF1_1º Grau_2015";2015;"TRF1";"TRF 1ª Região";"1º Grau";2260448678,51;3202973;2352416;0;850557;444;5237;2352416;1371270;802377;1370996;802325;0,734447652228102;162,413022722933;1915,66891891892;2657,6098703673;0,620102412964296;1293858,85819186
"309";"TRF1_1º Grau_2016";2016;"TRF1";"TRF 1ª Região";"1º Grau";1804458454,83;3584406;2749152;0;835254;445;5827;2749152;1640927;786325;1640650;786113;0,766975616043495;143,342028488073;1876,97528089888;2160,37092289292;0,545682583611438;1440604,89304486
"310";"TRF1_1º Grau_2017";2017;"TRF1";"TRF 1ª Região";"1º Grau";2326843173,47;3628454;2818831;1267005;809623;536;5604;1551826;1127602;756677;1127290;756549;0,657149910923336;144,472341184868;1510,49067164179;2873,98353736245;0,417718544731756;1811145,35024014
"311";"TRF1_1º Grau_2018";2018;"TRF1";"TRF 1ª Região";"1º Grau";2400278074,42;3878997;2684191;1341280;1194806;511,643835616438;5541;1342911;901279;1124118;901018;1123840;0,529180755773792;215,630030680383;2335,2299330656;2008,92703453113;0,628159778641402;1789098,94936391
"312";"TRF1_1º Grau_2019";2019;"TRF1";"TRF 1ª Região";"1º Grau";2584714982;4772483;3022765;1281827;1749718;526;5518;1740938;1338858;1634473;1338620;1628806;0,49874235673753;317,092787241754;3326,46007604563;1477,21803284872;0,880137593099642;1850626,55290489
"313";"TRF2_1º Grau_2012";2012;"TRF2";"TRF 2ª Região";"1º Grau";768724184,1;1297753;1005728;0;355439;200;3385;1005728;459197;291664;456530;290975;0,726111979706462;105,004135893648;1777,195;2162,74574287008;0,521662770370339;557783,718768029
"314";"TRF2_1º Grau_2013";2013;"TRF2";"TRF 2ª Região";"1º Grau";831205540,69;1294723;975573;0;391850;235;3509;975573;433040;304417;429892;303508;0,697348390350677;111,669991450556;1667,44680851064;2121,23399436009;0,4349314078847;697829,576107457
"315";"TRF2_1º Grau_2014";2014;"TRF2";"TRF 2ª Região";"1º Grau";921708199,58;1322840;934210;0;421493;219;3557;934210;429680;331378;426495;330512;0,681372652777358;118,496766938431;1924,62557077626;2186,76988604793;0,516477619285844;639934,796123428
"316";"TRF2_1º Grau_2015";2015;"TRF2";"TRF 2ª Região";"1º Grau";1007821329,59;1182404;850562;0;331842;244;2692;850562;378753;269500;375970;268371;0,719349731563831;123,269687964339;1360,00819672131;3037,0517583368;0,450133907007203;596202,5873241
"317";"TRF2_1º Grau_2016";2016;"TRF2";"TRF 2ª Região";"1º Grau";1061845349,33293;1220679;910428;0;310251;243;2701;910428;414706;280478;411936;279417;0,745837357732868;114,865235098112;1276,75308641975;3422,53642803063;0,437730267157816;638331,458809681
"318";"TRF2_1º Grau_2017";2017;"TRF2";"TRF 2ª Região";"1º Grau";957968755,667167;1347399;945192;550127;402207;232;2596;395065;268415;321964;265548;321069;0,495520976529967;154,933359013867;1733,65086206897;2381,78041572416;0,513116280744812;625723,665470044
"319";"TRF2_1º Grau_2018";2018;"TRF2";"TRF 2ª Região";"1º Grau";980860690,181144;1298706;850846;454754;447860;249,920547945205;2600;396092;290863;366627;287960;365709;0,469330009289628;172,253846153846;1792,00951535282;2190,10559143738;0,596366828332111;613228,272643528
"320";"TRF2_1º Grau_2019";2019;"TRF2";"TRF 2ª Região";"1º Grau";1069228606,92874;1276834;866046;437987;410788;247,679452054795;2483;428059;334852;362273;332105;361413;0,510294487552557;165,440193314539;1658,54695087552;2602,87205791977;0,622470760258345;580610,404655799
"321";"TRF3_1º Grau_2012";2012;"TRF3";"TRF 3ª Região";"1º Grau";1060612800,79;2599673;2048321;0;825369;284;4331;2048321;940818;720607;938303;719833;0,682510454199432;190,572385130455;2906,22887323944;1285,01652084098;0,804768803787543;894459,373440169
"322";"TRF3_1º Grau_2013";2013;"TRF3";"TRF 3ª Região";"1º Grau";1139267176,58;2801562;2160986;0;761864;292;4407;2160986;949468;691522;946454;690616;0,728057419396751;172,875879282959;2609,12328767123;1495,36817145842;0,748599065260042;922544,56630947
"323";"TRF3_1º Grau_2014";2014;"TRF3";"TRF 3ª Região";"1º Grau";1254300711,13;3056322;2326604;0;706711;323;4475;2326604;1043104;652094;1039975;651044;0,768770764337004;157,924245810056;2187,95975232198;1774,84249025415;0,721074458288777;902880,406477065
"324";"TRF3_1º Grau_2015";2015;"TRF3";"TRF 3ª Região";"1º Grau";1144507892,7;3399004;2638035;0;760969;347;3464;2638035;1138387;711841;1135155;710418;0,776120004566043;219,679272517321;2192,99423631124;1504,01382014248;0,908433996333235;782024,894342904
"325";"TRF3_1º Grau_2016";2016;"TRF3";"TRF 3ª Região";"1º Grau";1689655613,99;3582135;2890538;0;691597;315;3681;2890538;1224130;641333;1218894;639701;0,8069316203884;187,882912252105;2195,54603174603;2443,12166477009;0,581870491207155;1099387,25140172
"326";"TRF3_1º Grau_2017";2017;"TRF3";"TRF 3ª Região";"1º Grau";1652431676,43;3724090;2980651;1597687;743439;318;3558;1382964;796229;687658;789769;685637;0,650377186262435;208,948566610455;2337,85849056604;2222,68629494821;0,565932227164946;1211517,85865724
"327";"TRF3_1º Grau_2018";2018;"TRF3";"TRF 3ª Região";"1º Grau";1550816730,1;3830744;2867754;1468826;962990;340,684931506849;3486;1398928;873270;896915;865969;895032;0,592284744855664;276,244979919679;2826,62927221552;1610,41831182048;0,561050645429391;1595278,44284895
"328";"TRF3_1º Grau_2019";2019;"TRF3";"TRF 3ª Região";"1º Grau";1709800005,684;4101913;3038156;1529471;1063757;365,635616438356;3456;1508685;985327;982178;977286;979929;0,586479695169026;307,80005787037;2909,3363780094;1607,32197831272;0,797514123467381;1228729,33677905
"329";"TRF4_1º Grau_2012";2012;"TRF4";"TRF 4ª Região";"1º Grau";1037768486;1868017;1290524;0;595365;323;4108;1290524;843297;559566;836982;557653;0,681285020425403;144,928188899708;1843,23529411765;1743,07943194511;0,671405435843252;830575,640633018
"330";"TRF4_1º Grau_2013";2013;"TRF4";"TRF 4ª Região";"1º Grau";1130080350;1878860;1272652;0;537904;327;4178;1272652;798407;501992;791864;499264;0,713707248012093;128,746768788894;1644,96636085627;2100,89597772093;0,578759043502351;862645,699631252
"331";"TRF4_1º Grau_2014";2014;"TRF4";"TRF 4ª Região";"1º Grau";1251187578;2199799;1340956;0;584537;361;4276;1340956;848702;549775;842169;547577;0,734277086224696;136,701824134705;1619,21606648199;2140,47627096317;0,650073434430349;842330,990620829
"332";"TRF4_1º Grau_2015";2015;"TRF4";"TRF 4ª Região";"1º Grau";1175440662,63982;2050092;1492373;0;557719;331;3268;1492373;933286;494304;924146;492396;0,727954160105985;170,66064871481;1684,95166163142;2107,58583200469;0,631300535300791;779970,826043086
"333";"TRF4_1º Grau_2016";2016;"TRF4";"TRF 4ª Região";"1º Grau";1226620121,1549;2210564;1599527;0;611037;337;3572;1599527;956061;549008;944832;545739;0,723583212248096;171,062989921613;1813,16617210682;2007,44000961464;0,581611206390908;938322,704245149
"334";"TRF4_1º Grau_2017";2017;"TRF4";"TRF 4ª Região";"1º Grau";1317095804,27563;2293256;1655091;818646;638165;363;3609;836445;580923;566933;568333;564689;0,56723133574301;176,825990579108;1758,0303030303;2063,87972432776;0,531021243405473;1063401,90154845
"335";"TRF4_1º Grau_2018";2018;"TRF4";"TRF 4ª Região";"1º Grau";1188021043,164;2427177;1685825;793459;741352;362,268493150685;3710;892366;627007;635640;613022;632304;0,546217890725327;199,825336927224;2046,41588770911;1602,50602030345;0,542601785383415;1165318,68680307
"336";"TRF4_1º Grau_2019";2019;"TRF4";"TRF 4ª Região";"1º Grau";1182802508,9853;2562636;1688699;808086;873937;352,783561643836;3548;880613;623778;786811;608286;783028;0,501902482117922;246,318207440812;2477,26111706506;1353,41850612264;0,750297320849409;1043623,61192165
"337";"TRF5_1º Grau_2012";2012;"TRF5";"TRF 5ª Região";"1º Grau";625812262,1875;1000204;598524;0;470884;214;3012;598524;346586;416149;344883;415492;0,529212040743688;156,33598937583;2200,39252336449;1329,01577073653;0,921433430077718;450919,17271219
"338";"TRF5_1º Grau_2013";2013;"TRF5";"TRF 5ª Região";"1º Grau";688317400,9205;1018510;610765;0;568775;164;3204;610765;343411;523326;341526;522380;0,441561693061433;177,520287141074;3468,14024390244;1210,17520270845;0,897498678725002;582039,854077668
"339";"TRF5_1º Grau_2014";2014;"TRF5";"TRF 5ª Região";"1º Grau";793669027,75;1068320;614235;0;591245;180;3422;614235;335793;530173;334049;529634;0,446565635764565;172,777615429573;3284,69444444444;1342,36911559506;0,95145568618735;556656,508220931
"340";"TRF5_1º Grau_2015";2015;"TRF5";"TRF 5ª Região";"1º Grau";919431594,73;1159921;640350;0;519571;181;2483;640350;338368;496109;336010;494945;0,552063459494224;209,251308900524;2870,55801104972;1769,59760019324;0,934780128585532;529477,451289993
"341";"TRF5_1º Grau_2016";2016;"TRF5";"TRF 5ª Região";"1º Grau";947039843,94;1231193;723618;0;507575;202;2546;723618;378446;482165;376864;481424;0,587737259714764;199,361743912019;2512,74752475248;1865,8126265872;0,836226738142129;575709,885897209
"342";"TRF5_1º Grau_2017";2017;"TRF5";"TRF 5ª Região";"1º Grau";1054536117;1421106;757612;309067;663494;178;2770;448545;305995;636958;303730;636424;0,403353659359069;239,528519855596;3727,49438202247;1589,3679777059;0,867262560414046;733830,824769099
"343";"TRF5_1º Grau_2018";2018;"TRF5";"TRF 5ª Região";"1º Grau";1054022978,06;1432463;846543;248752;585920;212;2885;597791;412019;556262;408526;555239;0,505014315149559;203,091854419411;2763,77358490566;1798,91961028809;0,682204968144661;813888,82509906
"344";"TRF5_1º Grau_2019";2019;"TRF5";"TRF 5ª Região";"1º Grau";820287521,048267;1450008;846755;138348;603253;187,671232876712;2545;708407;407463;571260;407086;568364;0,540084320631871;237,034577603143;3214,41379562044;1359,77362905492;0,847001233864952;671030,899691253
"345";"TRF_1º Grau_2012";2012;"TRF";"TRF";"1º Grau";4933115944,1975;9672074;7067757;0;3280229;1380;21317;7067757;3904580;2909894;3886334;2903920;0,6608556758354;153,878547638035;2376,97753623188;1503,89376601374;0,731406197149717;3970324,5765712
"346";"TRF_1º Grau_2013";2013;"TRF";"TRF";"1º Grau";5413787471,7405;10018150;7166851;0;3300099;1415;22143;7166851;3816063;2967354;3796391;2959636;0,670587982811198;149,035767511177;2332,22544169611;1640,49244332988;0,669585012284205;4420104,90931327
"347";"TRF_1º Grau_2014";2014;"TRF";"TRF";"1º Grau";6075822625,96;11075774;7536762;0;3228982;1615;22935;7536762;4080957;2897743;4061081;2891233;0,708464437790081;140,788402005668;1999,36965944272;1881,6526775188;0,670262311903626;4313584,32161962
"348";"TRF_1º Grau_2015";2015;"TRF";"TRF";"1º Grau";6507650158,16982;10994394;7973736;0;3020658;1547;17144;7973736;4160064;2774131;4142277;2768455;0,725254707080718;176,193303779748;1952,59082094376;2154,38164736618;0,695323604131442;3981534,61719194
"349";"TRF_1º Grau_2016";2016;"TRF";"TRF";"1º Grau";6729619383,24783;11828977;8873263;0;2955714;1542;18327;8873263;4614270;2739309;4593176;2732394;0,750129364525774;161,276477328532;1916,80544747082;2276,81683114396;0,5823074565064;4692356,19339862
"350";"TRF_1º Grau_2017";2017;"TRF";"TRF";"1º Grau";7308875526,84279;12414305;9157377;4542532;3256928;1627;18137;4614845;3079164;2970190;3054670;2964368;0,586252296655404;179,573689143739;2001,79963122311;2244,10104455573;0,544358258080885;5445619,60068498
"351";"TRF_1º Grau_2018";2018;"TRF";"TRF";"1º Grau";7173999515,92515;12868087;8935159;4307071;3932928;1676,51780821918;18222;4628088;3104438;3579562;3076495;3572124;0,540600321270279;215,834046756668;2345,89097754805;1824,08615563904;0,597663653582245;5976813,17675852
"352";"TRF_1º Grau_2019";2019;"TRF";"TRF";"1º Grau";7366833624,64631;14163874;9462421;4195719;4701453;1679,7698630137;17550;5266702;3690278;4336995;3663383;4321540;0,528352739298295;267,88905982906;2798,86733505568;1566,92699568544;0,804064166761995;5374620,80595265
"353";"TRF_2º Grau_2012";2012;"TRF";"TRF";"2º Grau";1482189244,92217;1558384;965376;0;593008;130;3752;965376;965376;593008;965376;593008;0,619472479183565;158,051172707889;4561,6;2499,44224179467;0,80378506013423;737769,373196572
"354";"TRF_2º Grau_2013";2013;"TRF";"TRF";"2º Grau";1541083608,11;1419509;947726;0;471783;134;3482;947726;947726;471783;947726;471783;0,667643530262929;135,491958644457;3520,76865671642;3266,50940816011;0,794471443872038;593832,545699387
"355";"TRF_2º Grau_2014";2014;"TRF";"TRF";"2º Grau";1707308536,83;1689349;1219102;0;470247;136;3277;1219102;1219102;470247;1219102;470247;0,721640111072372;143,49923710711;3457,69852941176;3630,66332550766;0,786741659163126;597714,630365719
"356";"TRF_2º Grau_2015";2015;"TRF";"TRF";"2º Grau";1534480854,84487;1677145;1100005;0;577140;133;3453;1100005;1100005;577140;1100005;577140;0,65587948567357;167,141615986099;4339,3984962406;2658,76711862784;0,880515190262308;655457,175960892
"357";"TRF_2º Grau_2016";2016;"TRF";"TRF";"2º Grau";1435307254,71936;1632947;1170880;0;462067;138;3518;1170880;1170880;462067;1170880;462067;0,717034906827962;131,34366117112;3348,3115942029;3106,27518242887;0,782737496211015;590321,79017451
"358";"TRF_2º Grau_2017";2017;"TRF";"TRF";"2º Grau";1416184745,28681;1653690;1167705;0;485985;138;3446;1167705;1167705;485985;1167705;485985;0,706120856992544;141,028728961114;3521,63043478261;2914,0503210733;0,661800627237587;734337,472644206
"359";"TRF_2º Grau_2018";2018;"TRF";"TRF";"2º Grau";1650602060,06629;1638881;1153313;0;485568;138;3475;1153313;1153313;485568;1153313;485568;0,703719794176636;139,731798561151;3518,60869565217;3399,32215480898;0,621861824934236;780829,407001065
"360";"TRF_2º Grau_2019";2019;"TRF";"TRF";"2º Grau";1650359169,70124;1831449;1173738;0;657711;136;3389;1173738;1173738;657711;1173738;657711;0,640879434808176;194,072292711714;4836,11029411765;2509,24672036995;0,712225128011562;923459,414913149
